property_type,location_area,area,price_million,unit_price_million_m2,bedrooms,bathrooms,floors,distance_to_cbd_km,has_furniture,car_alley
Căn hộ chung cư,Quận 5,219.0,25000.0,114.2,4.0,3.0,,,0,0
Nhà riêng,Quận Bình Tân,68.0,6900.0,101.5,4.0,5.0,3.0,,0,0
Căn hộ chung cư,TP. Thủ Đức,68.0,3600.0,52.9,,,,,0,0
Căn hộ chung cư,Quận 8,68.0,35000.0,514.7,2.0,1.0,,,0,0
Căn hộ chung cư,Quận 7,36.0,2000.0,55.6,,2.0,,,0,0
Nhà riêng,Quận 3,80.0,24000.0,300.0,,,4.0,,0,0
Căn hộ chung cư,Quận 10,61.0,5200.0,85.2,1.0,,,,0,0
Căn hộ chung cư,Quận 7,71.0,48000.0,676.1,2.0,2.0,,,0,0
Nhà riêng,Unknown,70.0,8500.0,121.4,4.0,5.0,4.0,6.08,0,0
Căn hộ chung cư,Huyện Nhà Bè,190.0,4950.0,26.1,4.0,3.0,2.0,,0,0
Nhà riêng,Quận Bình Thạnh,60.0,10590.0,176.5,,,,,0,0
Căn hộ chung cư,Huyện Bình Chánh,56.0,3100.0,55.4,2.0,1.0,,,0,0
Căn hộ chung cư,Quận 7,124.0,11500.0,92.7,3.0,,,,0,0
Căn hộ chung cư,Quận 7,124.0,19900.0,160.5,,,,,0,0
Căn hộ chung cư,TP. Thủ Đức,86.0,2400.0,27.9,2.0,2.0,,,0,0
Nhà riêng,Quận Bình Thạnh,86.0,18000.0,209.3,,,,,0,0
Căn hộ chung cư,Quận 7,60.0,3200.0,53.3,2.0,2.0,,,0,0
Căn hộ chung cư,Quận Bình Thạnh,68.0,2550.0,37.5,2.0,,,,0,0
Căn hộ chung cư,TP. Thủ Đức,79.0,4500.0,57.0,2.0,,,,0,0
Căn hộ chung cư,Quận Bình Thạnh,86.0,10800.0,125.6,,,,,0,0
Nhà riêng,Quận 12,55.0,29000.0,527.3,8.0,5.0,4.0,,0,0
Nhà riêng,Quận Tân Bình,67.5,9500.0,140.7,4.0,,4.0,,0,0
Căn hộ chung cư,TP. Thủ Đức,147.0,7900.0,53.7,3.0,2.0,,,0,0
Nhà riêng,Quận Phú Nhuận,40.0,7500.0,187.5,4.0,,4.0,,0,0
Căn hộ chung cư,Quận Gò Vấp,110.0,26500.0,240.9,,,,,0,0
Căn hộ chung cư,Quận Tân Phú,112.0,7220.0,64.5,,,,,0,0
Căn hộ chung cư,Quận 10,87.0,9500.0,109.2,2.0,,,,0,0
Căn hộ chung cư,Quận Tân Phú,105.0,4000.0,38.1,3.0,2.0,,,0,0
Nhà riêng,Unknown,80.0,4200.0,52.5,3.0,1.0,0.0,8.0,0,0
Căn hộ chung cư,Quận 6,52.0,2700.0,51.9,2.0,,,,0,0
Căn hộ chung cư,Quận Tân Phú,76.0,2800.0,36.8,2.0,2.0,,,0,0
Nhà riêng,TP. Thủ Đức,75.0,14000.0,186.7,,,,,0,0
Căn hộ chung cư,TP. Thủ Đức,82.0,14370.0,175.2,2.0,2.0,,,0,0
Căn hộ chung cư,Quận 8,68.0,2300.0,33.8,2.0,,,,0,0
Căn hộ chung cư,Quận Bình Thạnh,90.0,7900.0,87.8,2.0,2.0,,,0,0
Căn hộ chung cư,Quận Bình Thạnh,160.0,22000.0,137.5,1.0,3.0,,,0,0
Nhà riêng,Quận Tân Phú,63.0,4720.0,74.9,,,,,0,0
Căn hộ chung cư,Quận 7,106.0,5900.0,55.7,3.0,2.0,,,0,0
Căn hộ chung cư,Quận 7,248.0,29000.0,116.9,6.0,4.0,,,0,0
Căn hộ chung cư,Quận Bình Thạnh,95.0,41000.0,431.6,3.0,,,,0,0
Căn hộ chung cư,TP. Thủ Đức,65.0,3200.0,49.2,2.0,2.0,,,0,0
Căn hộ chung cư,Huyện Nhà Bè,87.0,1950.0,22.4,3.0,,,,0,0
Nhà riêng,TP. Thủ Đức,76.0,7900.0,103.9,2.0,,1.0,3.86,0,0
Căn hộ chung cư,Quận 7,147.0,13500.0,91.8,4.0,3.0,,,0,0
Căn hộ chung cư,Quận 4,115.0,5200.0,45.2,3.0,,,,0,0
Căn hộ chung cư,Quận Bình Thạnh,68.0,1540.0,22.6,2.0,2.0,,,0,0
Căn hộ chung cư,TP. Thủ Đức,54.0,3310.0,61.3,1.0,,,,0,0
Căn hộ chung cư,Quận Tân Bình,55.0,2900.0,52.7,2.0,1.0,,,0,0
Căn hộ chung cư,Quận 7,58.0,45000.0,775.9,1.0,1.0,,,0,0
Căn hộ chung cư,Quận Bình Thạnh,67.0,1940.0,29.0,2.0,,,,0,0
Căn hộ chung cư,Huyện Bình Chánh,84.0,2900.0,34.5,2.0,2.0,,,0,0
Nhà riêng,Quận Bình Thạnh,105.0,8390.0,79.9,,,,,0,0
Căn hộ chung cư,Quận Tân Phú,159.0,10800.0,67.9,3.0,3.0,,,0,0
Nhà riêng,Unknown,75.0,5200.0,69.3,3.0,4.0,4.0,9.48,0,0
Căn hộ chung cư,Quận Bình Thạnh,146.0,13800.0,94.5,2.0,2.0,,,0,0
Căn hộ chung cư,Quận Phú Nhuận,33.0,2300.0,69.7,,,,,0,0
Căn hộ chung cư,Unknown,90.0,3600.0,40.0,1.0,1.0,,,0,0
Căn hộ chung cư,Huyện Nhà Bè,50.0,24000.0,480.0,,,,,0,0
Căn hộ chung cư,Quận 5,71.0,1750.0,24.6,2.0,,,,0,0
Nhà riêng,Unknown,58.0,12000.0,206.9,4.0,,4.0,1.96,0,0
Căn hộ chung cư,Quận 1,49.0,18000.0,367.3,,,,,0,0
Căn hộ chung cư,TP. Thủ Đức,67.0,2940.0,43.9,2.0,2.0,,,0,0
Nhà riêng,Quận 3,86.0,17000.0,197.7,,,,,0,0
Căn hộ chung cư,Quận 12,73.0,2300.0,31.5,2.0,,,,0,0
Căn hộ chung cư,Quận 7,68.0,7400.0,108.8,2.0,2.0,,,0,0
Căn hộ chung cư,Quận Bình Thạnh,72.0,1680.0,23.3,2.0,2.0,,,0,0
Căn hộ chung cư,Quận Tân Phú,52.0,3400.0,65.4,2.0,1.0,,,0,0
Căn hộ chung cư,TP. Thủ Đức,73.0,4600.0,63.0,2.0,,,,0,0
Nhà riêng,Huyện Nhà Bè,52.3,3000.0,57.4,3.0,,2.0,12.25,0,0
Căn hộ chung cư,Huyện Nhà Bè,50.0,2200.0,44.0,2.0,2.0,,,0,0
Căn hộ chung cư,TP. Thủ Đức,30.0,1550.0,51.7,,,,,0,0
Nhà riêng,Quận Bình Thạnh,30.0,5590.0,186.3,3.0,4.0,,,0,0
Căn hộ chung cư,Quận Tân Bình,90.0,3300.0,36.7,2.0,2.0,,,0,0
Căn hộ chung cư,Huyện Bình Chánh,67.0,4300.0,64.2,2.0,2.0,,,0,0
Căn hộ chung cư,Quận 12,65.0,2550.0,39.2,2.0,2.0,,,0,0
Căn hộ chung cư,TP. Thủ Đức,51.0,3250.0,63.7,1.0,,,,0,0
Căn hộ chung cư,Huyện Nhà Bè,30.0,1750.0,58.3,1.0,,,,0,0
Căn hộ chung cư,Huyện Nhà Bè,90.0,4700.0,52.2,1.0,,,,0,0
Căn hộ chung cư,Quận 4,86.0,4600.0,53.5,2.0,2.0,,,0,0
Căn hộ chung cư,Quận Tân Phú,121.0,10000.0,82.6,2.0,4.0,,,0,0
Căn hộ chung cư,Quận 12,58.0,2590.0,44.7,2.0,,,,0,0
Căn hộ chung cư,TP. Thủ Đức,69.0,2600.0,37.7,2.0,,,,0,0
Nhà riêng,Unknown,28.0,3050.0,108.9,1.0,1.0,1.0,9.37,0,0
Căn hộ chung cư,Quận 7,100.0,5800.0,58.0,3.0,2.0,,,0,0
Căn hộ chung cư,Quận 6,90.0,3350.0,37.2,3.0,2.0,,,0,0
Căn hộ chung cư,Quận Gò Vấp,72.0,37000.0,513.9,2.0,,,,0,0
Căn hộ chung cư,Quận 7,110.0,16800.0,152.7,3.0,,,,0,0
Căn hộ chung cư,Quận 1,47.0,11580.0,246.4,1.0,1.0,,,0,0
Nhà riêng,Quận Bình Tân,35.0,2000.0,57.1,2.0,,1.0,,0,0
Căn hộ chung cư,Quận 1,85.0,5300.0,62.4,2.0,2.0,,,0,0
Căn hộ chung cư,Quận 4,122.0,9300.0,76.2,3.0,3.0,,,0,0
Căn hộ chung cư,Huyện Bình Chánh,72.0,3200.0,44.4,2.0,2.0,,,0,0
Căn hộ chung cư,Quận 7,90.0,4100.0,45.6,,,,,0,0
Nhà riêng,Quận Tân Bình,168.0,21500.0,128.0,,,1.0,,0,0
Căn hộ chung cư,Quận 7,120.0,8000.0,66.7,3.0,,,,0,0
Căn hộ chung cư,TP. Thủ Đức,81.0,3300.0,40.7,2.0,2.0,,,0,0
Căn hộ chung cư,Huyện Bình Chánh,78.0,3950.0,50.6,2.0,2.0,,,0,0
Căn hộ chung cư,Quận Bình Thạnh,68.0,1680.0,24.7,2.0,2.0,,,0,0
Căn hộ chung cư,Quận Gò Vấp,35.0,1470.0,42.0,1.0,,0.0,,0,0
Căn hộ chung cư,Quận 4,41.0,3290.0,80.2,1.0,1.0,,,0,0
Căn hộ chung cư,Quận Tân Phú,78.0,3000.0,38.5,2.0,2.0,,,0,0
Căn hộ chung cư,TP. Thủ Đức,67.0,1650.0,24.6,2.0,1.0,,,0,0
Căn hộ chung cư,Quận Bình Tân,67.0,2100.0,31.3,2.0,2.0,,,0,0
Căn hộ chung cư,TP. Thủ Đức,81.0,5500.0,67.9,2.0,2.0,,,0,0
Nhà riêng,Quận Tân Phú,152.0,15500.0,102.0,4.0,2.0,2.0,,0,0
Căn hộ chung cư,Quận 7,56.0,4600.0,82.1,2.0,1.0,,,0,0
Căn hộ chung cư,Quận 7,172.0,17800.0,103.5,,,,,0,0
Căn hộ chung cư,Quận 7,200.0,25600.0,128.0,5.0,,,,0,0
Nhà riêng,Quận Tân Bình,75.0,7700.0,102.7,,,2.0,,0,0
Căn hộ chung cư,Quận 7,165.0,9900.0,60.0,3.0,2.0,,,0,0
Nhà riêng,Quận Bình Tân,220.0,17000.0,77.3,2.0,,1.0,,0,0
Nhà riêng,TP. Thủ Đức,54.0,4000.0,74.1,,,2.0,,0,0
Nhà riêng,Unknown,110.0,33000.0,300.0,6.0,,3.0,4.54,0,0
Căn hộ chung cư,TP. Thủ Đức,62.0,1670.0,26.9,2.0,,,,0,0
Căn hộ chung cư,Quận 7,58.0,3730.0,64.3,2.0,1.0,,,0,0
Căn hộ chung cư,TP. Thủ Đức,81.0,3450.0,42.6,3.0,,,,0,0
Căn hộ chung cư,Quận 1,77.0,17000.0,220.8,2.0,,1.0,,0,0
Căn hộ chung cư,Huyện Bình Chánh,68.0,1750.0,25.7,2.0,,,,0,0
Căn hộ chung cư,Quận 8,68.0,2650.0,39.0,,2.0,,,0,0
Căn hộ chung cư,Quận Bình Thạnh,120.0,17000.0,141.7,,,4.0,,0,0
Căn hộ chung cư,Quận 7,37.0,24000.0,648.6,,,,,0,0
Căn hộ chung cư,TP. Thủ Đức,58.0,3140.0,54.1,2.0,2.0,,,0,0
Căn hộ chung cư,Quận Bình Thạnh,135.0,11300.0,83.7,3.0,,,,0,0
Căn hộ chung cư,Quận Phú Nhuận,75.0,5800.0,77.3,2.0,2.0,,,0,0
Căn hộ chung cư,Quận 7,99.0,7200.0,72.7,2.0,2.0,,,0,0
Căn hộ chung cư,Quận Gò Vấp,75.0,3650.0,48.7,2.0,2.0,,,0,0
Căn hộ chung cư,Quận 4,111.0,13000.0,117.1,3.0,3.0,,,0,0
Căn hộ chung cư,Huyện Bình Chánh,83.0,32000.0,385.5,3.0,2.0,,,0,0
Căn hộ chung cư,Quận Bình Tân,78.0,3700.0,47.4,,,,,0,0
Nhà riêng,Huyện Nhà Bè,85.0,10900.0,128.2,4.0,,3.0,,0,0
Nhà riêng,Quận Tân Phú,59.0,8700.0,147.5,3.0,2.0,3.0,,0,0
Căn hộ chung cư,Huyện Nhà Bè,33.0,2180.0,66.1,1.0,1.0,,,0,0
Căn hộ chung cư,Quận 4,70.0,42000.0,600.0,2.0,2.0,,,0,0
Căn hộ chung cư,Quận 7,79.0,7000.0,88.6,2.0,2.0,,,0,0
Căn hộ chung cư,Huyện Nhà Bè,54.0,3510.0,65.0,,,,,0,0
Căn hộ chung cư,Quận Tân Bình,90.0,3250.0,36.1,2.0,,,,0,0
Căn hộ chung cư,Quận 7,130.0,13000.0,100.0,3.0,,,,0,0
Căn hộ chung cư,Quận 7,117.0,4800.0,41.0,3.0,2.0,,,0,0
Căn hộ chung cư,Quận 7,70.0,5550.0,79.3,2.0,2.0,,,0,0
Căn hộ chung cư,Quận Bình Thạnh,54.0,3350.0,62.0,2.0,,,,0,0
Căn hộ chung cư,TP. Thủ Đức,61.0,2690.0,44.1,2.0,2.0,,,0,0
Căn hộ chung cư,TP. Thủ Đức,75.0,47000.0,626.7,2.0,2.0,,,0,0
Căn hộ chung cư,TP. Thủ Đức,70.0,4600.0,65.7,2.0,2.0,,,0,0
Nhà riêng,Unknown,97.4,2900.0,29.8,,,1.0,26.47,0,0
Căn hộ chung cư,Quận 8,57.0,27000.0,473.7,1.0,,,,0,0
Nhà riêng,Quận 3,64.0,28600.0,446.9,,,,,0,0
Nhà riêng,Unknown,42.0,3100.0,73.8,2.0,2.0,2.0,13.81,0,0
Căn hộ chung cư,Quận 10,71.0,5000.0,70.4,2.0,2.0,,,0,0
Căn hộ chung cư,Quận 7,69.0,1650.0,23.9,2.0,,,,0,0
Căn hộ chung cư,Huyện Nhà Bè,67.0,4690.0,70.0,1.0,2.0,1.0,,0,0
Căn hộ chung cư,Unknown,131.0,5100.0,38.9,3.0,,,,0,0
Căn hộ chung cư,Quận Tân Phú,67.0,3750.0,56.0,2.0,2.0,,,0,0
Căn hộ chung cư,TP. Thủ Đức,69.0,1710.0,24.8,2.0,,,,0,0
Căn hộ chung cư,TP. Thủ Đức,80.0,6400.0,80.0,,,,,0,0
Căn hộ chung cư,Quận 4,65.0,1960.0,30.2,2.0,2.0,,,0,0
Nhà riêng,Unknown,24.0,8900.0,370.8,,,3.0,3.14,0,0
Căn hộ chung cư,Huyện Bình Chánh,114.0,3000.0,26.3,3.0,2.0,,,0,0
Căn hộ chung cư,TP. Thủ Đức,68.0,3800.0,55.9,2.0,2.0,,,0,0
Căn hộ chung cư,TP. Thủ Đức,98.0,37000.0,377.6,3.0,2.0,,,0,0
Nhà riêng,Quận Bình Thạnh,63.0,11600.0,184.1,,,,,0,0
Căn hộ chung cư,Quận 4,58.0,5700.0,98.3,2.0,1.0,,,0,0
Căn hộ chung cư,Quận Bình Thạnh,90.0,7000.0,77.8,2.0,2.0,,,0,0
Căn hộ chung cư,Quận 4,80.0,1780.0,22.2,2.0,,,,0,0
Căn hộ chung cư,Quận 4,70.0,5200.0,74.3,2.0,,,,0,0
Căn hộ chung cư,Quận 6,105.0,4600.0,43.8,3.0,,,,0,0
Căn hộ chung cư,Quận Gò Vấp,129.0,18500.0,143.4,8.0,11.0,,,0,0
Căn hộ chung cư,Quận 8,68.0,3550.0,52.2,2.0,2.0,,,0,0
Căn hộ chung cư,Quận Phú Nhuận,96.0,7700.0,80.2,3.0,,,,0,0
Căn hộ chung cư,Quận 8,75.0,21000.0,280.0,2.0,,,,0,0
Nhà riêng,Quận Tân Bình,85.0,15000.0,176.5,4.0,,4.0,,0,0
Nhà riêng,Quận Gò Vấp,42.0,5200.0,123.8,2.0,2.0,2.0,7.12,0,0
Căn hộ chung cư,Quận 7,78.0,3750.0,48.1,2.0,2.0,,,0,0
Căn hộ chung cư,Quận Bình Tân,210.0,19900.0,94.8,2.0,2.0,,,0,0
Căn hộ chung cư,Huyện Bình Chánh,68.0,3000.0,44.1,2.0,2.0,,,0,0
Căn hộ chung cư,TP. Thủ Đức,90.0,5700.0,63.3,,,0.0,,0,0
Căn hộ chung cư,Quận 1,97.0,22000.0,226.8,3.0,,,,0,0
Căn hộ chung cư,Quận Bình Thạnh,85.0,9800.0,115.3,,,,,0,0
Căn hộ chung cư,Quận 7,70.0,6200.0,88.6,2.0,2.0,,,0,0
Nhà riêng,Unknown,102.0,3100.0,30.4,2.0,1.0,2.0,16.09,0,0
Căn hộ chung cư,Quận Bình Thạnh,98.0,9000.0,91.8,3.0,,,,0,0
Căn hộ chung cư,TP. Thủ Đức,67.0,2900.0,43.3,2.0,2.0,,,0,0
Nhà riêng,Unknown,35.4,15000.0,423.7,,,,0.57,0,0
Căn hộ chung cư,Quận 12,73.0,2220.0,30.4,,,,,0,0
Căn hộ chung cư,TP. Thủ Đức,68.0,1560.0,22.9,2.0,,,,0,0
Nhà riêng,Quận Bình Tân,122.0,6990.0,57.3,,,,,0,0
Căn hộ chung cư,Quận 8,312.0,8800.0,28.2,,,,,0,0
Căn hộ chung cư,TP. Thủ Đức,74.0,4150.0,56.1,,,,,0,0
Căn hộ chung cư,Quận 8,95.0,3850.0,40.5,3.0,2.0,,,0,0
Căn hộ chung cư,TP. Thủ Đức,82.0,3650.0,44.5,2.0,2.0,,,0,0
Căn hộ chung cư,Quận 3,82.0,44000.0,536.6,2.0,2.0,,,0,0
Căn hộ chung cư,TP. Thủ Đức,72.0,48000.0,666.7,,2.0,,,0,0
Căn hộ chung cư,Quận 11,150.0,9000.0,60.0,3.0,3.0,,,0,0
Căn hộ chung cư,Huyện Bình Chánh,85.0,2500.0,29.4,2.0,2.0,,,0,0
Căn hộ chung cư,Quận 7,85.0,6100.0,71.8,3.0,2.0,,,0,0
Nhà riêng,Quận 11,111.0,42000.0,378.4,6.0,7.0,5.0,,0,0
Căn hộ chung cư,Quận 7,200.0,18500.0,92.5,3.0,2.0,,,0,0
Căn hộ chung cư,Quận Tân Bình,48.0,8500.0,177.1,,,,,0,0
Căn hộ chung cư,Quận 8,99.0,3000.0,30.3,2.0,2.0,,,0,0
Căn hộ chung cư,Quận 7,70.0,3400.0,48.6,,,,,0,0
Căn hộ chung cư,Quận Gò Vấp,79.0,46000.0,582.3,2.0,2.0,,,0,0
Căn hộ chung cư,Quận 7,70.0,3230.0,46.1,2.0,2.0,,,0,0
Căn hộ chung cư,Quận 5,70.0,2680.0,38.3,2.0,2.0,,,0,0
Căn hộ chung cư,Huyện Hóc Môn,60.0,1200.0,20.0,2.0,1.0,,,0,0
Căn hộ chung cư,Quận 4,65.0,6390.0,98.3,2.0,1.0,,,0,0
Căn hộ chung cư,Quận 5,80.0,7000.0,87.5,2.0,,,,0,0
Căn hộ chung cư,Quận 1,109.0,23900.0,219.3,3.0,,,,0,0
Căn hộ chung cư,Quận 7,65.0,4000.0,61.5,2.0,,,,0,0
Căn hộ chung cư,TP. Thủ Đức,56.0,27000.0,482.1,1.0,2.0,,,0,0
Căn hộ chung cư,Quận 7,75.0,3000.0,40.0,,,,,0,0
Căn hộ chung cư,Quận 10,90.0,4000.0,44.4,,,,,0,0
Căn hộ chung cư,Quận Bình Thạnh,120.0,8400.0,70.0,3.0,,,,0,0
Căn hộ chung cư,Quận Tân Phú,120.0,8600.0,71.7,3.0,2.0,,,0,0
Căn hộ chung cư,TP. Thủ Đức,59.0,3600.0,61.0,2.0,2.0,,,0,0
Căn hộ chung cư,Quận 4,85.0,10000.0,117.6,2.0,2.0,,,0,0
Căn hộ chung cư,Quận 7,53.0,27000.0,509.4,,,,,0,0
Căn hộ chung cư,Quận 7,76.0,5200.0,68.4,2.0,2.0,,,0,0
Căn hộ chung cư,TP. Thủ Đức,69.0,2600.0,37.7,2.0,,,,0,0
Căn hộ chung cư,Quận Bình Tân,66.0,24000.0,363.6,2.0,2.0,,,0,0
Nhà riêng,Quận 12,53.0,5450.0,102.8,4.0,,3.0,,0,0
Căn hộ chung cư,Huyện Hóc Môn,70.0,1450.0,20.7,2.0,2.0,,,0,0
Căn hộ chung cư,Quận Bình Thạnh,103.0,5400.0,52.4,,,,,0,0
Căn hộ chung cư,TP. Thủ Đức,112.0,6500.0,58.0,,,1.0,,0,0
Căn hộ chung cư,Quận 7,121.0,19000.0,157.0,3.0,2.0,,,0,0
Căn hộ chung cư,Huyện Nhà Bè,88.0,3800.0,43.2,2.0,,,,0,0
Căn hộ chung cư,Quận 7,84.0,6000.0,71.4,2.0,2.0,,,0,0
Căn hộ chung cư,Quận Bình Tân,82.0,4200.0,51.2,3.0,2.0,,,0,0
Căn hộ chung cư,Quận 7,146.0,15000.0,102.7,3.0,,,,0,0
Nhà riêng,Quận Tân Phú,51.0,7500.0,147.1,4.0,,4.0,,0,0
Nhà riêng,Quận 7,168.0,17500.0,104.2,7.0,,4.0,,0,0
Căn hộ chung cư,TP. Thủ Đức,69.0,3000.0,43.5,2.0,2.0,,,0,0
Căn hộ chung cư,Quận Bình Tân,83.0,5300.0,63.9,3.0,2.0,,,0,0
Căn hộ chung cư,Quận 4,75.0,1850.0,24.7,2.0,,,,0,0
Căn hộ chung cư,TP. Thủ Đức,68.0,28000.0,411.8,2.0,2.0,,,0,0
Căn hộ chung cư,Quận 10,70.0,5000.0,71.4,2.0,2.0,,,0,0
Nhà riêng,Quận Bình Thạnh,112.0,21000.0,187.5,,,,,0,0
Căn hộ chung cư,Quận 1,110.0,20700.0,188.2,,,,,0,0
Căn hộ chung cư,Quận 7,65.0,5300.0,81.5,2.0,2.0,,,0,0
Căn hộ chung cư,TP. Thủ Đức,54.0,3000.0,55.6,1.0,1.0,,,0,0
Căn hộ chung cư,Quận 10,71.0,5300.0,74.6,2.0,2.0,,,0,0
Căn hộ chung cư,Quận 1,56.0,20000.0,357.1,1.0,,,,0,0
Căn hộ chung cư,Quận 8,54.0,3180.0,58.9,2.0,1.0,,,0,0
Căn hộ chung cư,Quận 7,120.0,8500.0,70.8,3.0,,,,0,0
Căn hộ chung cư,Quận Tân Bình,75.0,4200.0,56.0,,,,,0,0
Căn hộ chung cư,TP. Thủ Đức,73.0,3000.0,41.1,2.0,2.0,,,0,0
Căn hộ chung cư,TP. Thủ Đức,50.0,31000.0,620.0,1.0,,,,0,0
Căn hộ chung cư,Quận 7,100.0,7500.0,75.0,3.0,,,,0,0
Căn hộ chung cư,Quận 4,86.0,42000.0,488.4,2.0,2.0,,,0,0
Căn hộ chung cư,Quận Bình Thạnh,75.0,9100.0,121.3,1.0,,,,0,0
Nhà riêng,Huyện Nhà Bè,130.0,7500.0,57.7,4.0,5.0,4.0,,0,0
Căn hộ chung cư,TP. Thủ Đức,82.0,4410.0,53.8,3.0,2.0,,,0,0
Nhà riêng,Unknown,59.0,7990.0,135.4,4.0,4.0,4.0,9.37,0,0
Căn hộ chung cư,TP. Thủ Đức,177.0,15000.0,84.7,,,,,0,0
Nhà riêng,Quận Phú Nhuận,83.0,8200.0,98.8,4.0,5.0,4.0,,0,0
Căn hộ chung cư,Quận Tân Phú,83.0,35000.0,421.7,2.0,2.0,,,0,0
Căn hộ chung cư,TP. Thủ Đức,59.0,2450.0,41.5,2.0,,,,0,0
Nhà riêng,Unknown,56.5,6400.0,113.3,5.0,,4.0,11.51,0,0
Căn hộ chung cư,Quận 4,67.0,21000.0,313.4,2.0,,,,0,0
Nhà riêng,Unknown,55.0,10300.0,187.3,5.0,3.0,4.0,5.65,0,0
Căn hộ chung cư,TP. Thủ Đức,180.0,5850.0,32.5,3.0,,2.0,,0,0
Căn hộ chung cư,Quận Bình Thạnh,106.0,13000.0,122.6,2.0,2.0,,,0,0
Căn hộ chung cư,Quận 10,80.0,5250.0,65.6,2.0,,,,0,0
Căn hộ chung cư,Quận Tân Bình,77.0,4500.0,58.4,2.0,,,,0,0
Nhà riêng,Quận Gò Vấp,82.5,8830.0,107.0,,4.0,4.0,,0,0
Căn hộ chung cư,Quận 10,80.0,5250.0,65.6,2.0,,,,0,0
Căn hộ chung cư,Quận Tân Bình,100.0,4800.0,48.0,3.0,2.0,,,0,0
Căn hộ chung cư,Quận 7,180.0,16000.0,88.9,3.0,3.0,,,0,0
Căn hộ chung cư,Huyện Nhà Bè,53.0,2150.0,40.6,1.0,1.0,,,0,0
Căn hộ chung cư,Quận Tân Phú,55.0,2500.0,45.5,2.0,,,,0,0
Nhà riêng,Quận 12,94.0,5100.0,54.3,3.0,2.0,,,0,0
Căn hộ chung cư,Quận Bình Thạnh,141.0,13000.0,92.2,,,,,0,0
Căn hộ chung cư,Huyện Bình Chánh,58.0,31000.0,534.5,2.0,1.0,,,0,0
Căn hộ chung cư,Quận Tân Phú,60.0,2700.0,45.0,2.0,2.0,,,0,0
Căn hộ chung cư,Quận 8,75.0,18000.0,240.0,3.0,2.0,,,0,0
Căn hộ chung cư,Quận Tân Phú,112.0,5330.0,47.6,3.0,2.0,,,0,0
Căn hộ chung cư,Quận 6,83.0,3000.0,36.1,2.0,,,,0,0
Căn hộ chung cư,Quận Tân Phú,62.0,2420.0,39.0,2.0,2.0,,,0,0
Căn hộ chung cư,Quận 7,70.0,27000.0,385.7,,,,,0,0
Căn hộ chung cư,Quận 6,88.0,41000.0,465.9,2.0,,,,0,0
Căn hộ chung cư,Huyện Bình Chánh,56.0,3190.0,57.0,2.0,1.0,,,0,0
Căn hộ chung cư,Quận Tân Phú,71.0,4500.0,63.4,2.0,2.0,,,0,0
Căn hộ chung cư,Quận Bình Thạnh,160.0,22500.0,140.6,4.0,,,,0,0
Căn hộ chung cư,Quận 8,79.0,3650.0,46.2,2.0,2.0,,,0,0
Căn hộ chung cư,Huyện Nhà Bè,73.0,3000.0,41.1,2.0,1.0,,,0,0
Nhà riêng,Unknown,60.0,4900.0,81.7,3.0,2.0,3.0,,0,0
Căn hộ chung cư,Quận Gò Vấp,73.0,2800.0,38.4,2.0,2.0,,,0,0
Nhà riêng,Unknown,52.0,2990.0,57.5,2.0,2.0,,13.61,0,0
Căn hộ chung cư,Quận Tân Phú,53.0,3400.0,64.2,2.0,1.0,,,0,0
Nhà riêng,Quận Gò Vấp,54.0,6600.0,122.2,5.0,4.0,5.0,,0,0
Căn hộ chung cư,TP. Thủ Đức,107.0,7280.0,68.0,,,,,0,0
Căn hộ chung cư,TP. Thủ Đức,79.0,3690.0,46.7,2.0,,,,0,0
Căn hộ chung cư,TP. Thủ Đức,34.0,1700.0,50.0,,,,,0,0
Căn hộ chung cư,Quận 1,157.0,32000.0,203.8,3.0,,,,0,0
Căn hộ chung cư,Huyện Bình Chánh,55.0,1300.0,23.6,2.0,2.0,,,0,0
Nhà riêng,TP. Thủ Đức,32.0,2950.0,92.2,2.0,2.0,2.0,7.5,0,0
Căn hộ chung cư,Quận Bình Thạnh,45.0,2400.0,53.3,2.0,1.0,,,0,0
Căn hộ chung cư,Quận Tân Phú,70.0,3800.0,54.3,2.0,2.0,,,0,0
Căn hộ chung cư,Quận 3,36.0,3350.0,93.1,,,1.0,,0,0
Căn hộ chung cư,Quận 3,113.0,16000.0,141.6,3.0,2.0,,,0,0
Căn hộ chung cư,Quận 4,95.0,8000.0,84.2,3.0,2.0,,,0,0
Căn hộ chung cư,TP. Thủ Đức,59.0,2940.0,49.8,2.0,2.0,,,0,0
Căn hộ chung cư,Quận 8,115.0,48000.0,417.4,2.0,2.0,,,0,0
Căn hộ chung cư,Quận 7,90.0,5500.0,61.1,2.0,2.0,,,0,0
Căn hộ chung cư,Quận 7,51.0,3370.0,66.1,2.0,1.0,,,0,0
Căn hộ chung cư,Quận Tân Phú,58.0,2400.0,41.4,2.0,1.0,,,0,0
Căn hộ chung cư,Huyện Nhà Bè,110.0,39000.0,354.5,3.0,2.0,,,0,0
Căn hộ chung cư,TP. Thủ Đức,70.0,4550.0,65.0,2.0,2.0,,,0,0
Nhà riêng,Unknown,97.2,4150.0,42.7,3.0,1.0,1.0,9.9,0,0
Căn hộ chung cư,Quận 7,167.0,18000.0,107.8,3.0,2.0,,,0,0
Nhà riêng,Quận 7,48.0,5200.0,108.3,2.0,2.0,0.0,,0,0
Căn hộ chung cư,Quận 7,53.0,3040.0,57.4,1.0,1.0,,,0,0
Căn hộ chung cư,Quận Bình Thạnh,164.0,13900.0,84.8,3.0,2.0,,,0,0
Căn hộ chung cư,Quận Bình Thạnh,224.0,31000.0,138.4,2.0,2.0,,,0,0
Căn hộ chung cư,Quận 1,160.0,47000.0,293.8,1.0,,,,0,0
Nhà riêng,Quận 7,72.0,6700.0,93.1,,,0.0,,0,0
Căn hộ chung cư,Quận Tân Bình,57.0,7450.0,130.7,3.0,2.0,5.0,,0,0
Nhà riêng,Quận Tân Phú,53.0,5150.0,97.2,3.0,,3.0,6.93,0,0
Căn hộ chung cư,Quận 7,88.0,4900.0,55.7,3.0,2.0,,,0,0
Căn hộ chung cư,TP. Thủ Đức,46.0,2480.0,53.9,1.0,,,,0,0
Căn hộ chung cư,Quận 7,53.0,2250.0,42.5,1.0,1.0,,,0,0
Căn hộ chung cư,Huyện Bình Chánh,84.0,2800.0,33.3,,,,,0,0
Căn hộ chung cư,TP. Thủ Đức,90.0,6500.0,72.2,3.0,,,,0,0
Căn hộ chung cư,Quận 7,69.0,34000.0,492.8,2.0,2.0,,,0,0
Căn hộ chung cư,Quận 12,65.0,31000.0,476.9,2.0,2.0,,,0,0
Căn hộ chung cư,TP. Thủ Đức,97.0,7000.0,72.2,3.0,2.0,,,0,0
Căn hộ chung cư,Quận 8,92.0,3000.0,32.6,3.0,2.0,,,0,0
Căn hộ chung cư,Huyện Nhà Bè,120.0,5200.0,43.3,3.0,,,,0,0
Căn hộ chung cư,Quận 4,80.0,5000.0,62.5,2.0,2.0,,,0,0
Căn hộ chung cư,Quận 7,74.0,5500.0,74.3,3.0,2.0,1.0,,0,0
Căn hộ chung cư,Quận 7,52.0,4500.0,86.5,2.0,1.0,,,0,0
Căn hộ chung cư,TP. Thủ Đức,80.0,3900.0,48.8,2.0,,,,0,0
Nhà riêng,Quận Gò Vấp,52.0,15990.0,307.5,,,,,0,0
Căn hộ chung cư,Quận Phú Nhuận,50.0,49000.0,980.0,1.0,1.0,,,0,0
Căn hộ chung cư,Quận Tân Bình,90.0,35000.0,388.9,2.0,2.0,,,0,0
Căn hộ chung cư,Quận 8,62.0,2000.0,32.3,2.0,2.0,,,0,0
Nhà riêng,Unknown,73.0,7900.0,108.2,6.0,5.0,4.0,8.13,0,0
Căn hộ chung cư,Huyện Nhà Bè,48.0,26000.0,541.7,1.0,,,,0,0
Căn hộ chung cư,TP. Thủ Đức,47.0,25000.0,531.9,1.0,,,,0,0
Căn hộ chung cư,TP. Thủ Đức,44.0,2090.0,47.5,1.0,1.0,,,0,0
Căn hộ chung cư,Quận 10,58.0,2700.0,46.6,2.0,1.0,,,0,0
Căn hộ chung cư,Quận 7,54.0,2870.0,53.1,1.0,,,,0,0
Căn hộ chung cư,Quận 7,101.0,8300.0,82.2,3.0,2.0,,,0,0
Căn hộ chung cư,Quận Tân Phú,96.0,6000.0,62.5,,,,,0,0
Căn hộ chung cư,Huyện Bình Chánh,79.0,4600.0,58.2,2.0,2.0,,,0,0
Căn hộ chung cư,Quận 10,31.0,1850.0,59.7,,,1.0,,0,0
Căn hộ chung cư,Quận 7,71.0,4950.0,69.7,2.0,2.0,,,0,0
Nhà riêng,Unknown,150.0,5100.0,34.0,4.0,2.0,2.0,15.25,0,0
Căn hộ chung cư,Quận 6,70.0,4600.0,65.7,1.0,1.0,,,0,0
Căn hộ chung cư,Quận Tân Bình,60.0,2000.0,33.3,2.0,2.0,,,0,0
Căn hộ chung cư,Quận 7,62.0,5600.0,90.3,1.0,,,,0,0
Nhà riêng,Quận Bình Thạnh,60.0,12000.0,200.0,,,3.0,,0,0
Nhà riêng,Unknown,62.0,5450.0,87.9,4.0,3.0,4.0,10.3,0,0
Căn hộ chung cư,TP. Thủ Đức,97.0,6400.0,66.0,3.0,2.0,,,0,0
Căn hộ chung cư,Quận Gò Vấp,72.0,1770.0,24.6,2.0,,,,0,0
Căn hộ chung cư,Huyện Bình Chánh,114.0,4200.0,36.8,2.0,,,,0,0
Căn hộ chung cư,TP. Thủ Đức,87.0,4600.0,52.9,3.0,,,,0,0
Căn hộ chung cư,Quận Tân Bình,74.0,5100.0,68.9,2.0,2.0,,,0,0
Căn hộ chung cư,TP. Thủ Đức,97.0,7330.0,75.6,3.0,2.0,,,0,0
Căn hộ chung cư,Quận 7,76.0,46000.0,605.3,,,,,0,0
Căn hộ chung cư,Huyện Bình Chánh,85.0,2500.0,29.4,2.0,2.0,,,0,0
Nhà riêng,Unknown,42.0,4100.0,97.6,2.0,2.0,2.0,10.61,0,0
Nhà riêng,Quận 7,204.0,39000.0,191.2,,,,,0,0
Căn hộ chung cư,TP. Thủ Đức,69.0,3750.0,54.3,2.0,,,,0,0
Căn hộ chung cư,Quận 7,58.0,2800.0,48.3,,,,,0,0
Nhà riêng,Unknown,80.0,3800.0,47.5,2.0,2.0,2.0,13.73,0,0
Căn hộ chung cư,Quận Bình Thạnh,89.0,8500.0,95.5,2.0,,,,0,0
Nhà riêng,Quận 12,60.0,6350.0,105.8,5.0,6.0,4.0,,0,0
Nhà riêng,TP. Thủ Đức,110.0,11600.0,105.5,3.0,3.0,3.0,,0,0
Căn hộ chung cư,Quận Bình Thạnh,66.0,1730.0,26.2,2.0,2.0,,,0,0
Nhà riêng,Quận Bình Thạnh,176.0,20000.0,113.6,,,,,0,0
Căn hộ chung cư,Quận 7,50.0,1850.0,37.0,1.0,1.0,,,0,0
Căn hộ chung cư,Quận 4,80.0,7500.0,93.8,2.0,,,,0,0
Căn hộ chung cư,Quận 7,71.0,4880.0,68.7,2.0,,,,0,0
Căn hộ chung cư,Quận Tân Phú,89.0,36000.0,404.5,2.0,2.0,,,0,0
Căn hộ chung cư,Quận 7,84.0,39000.0,464.3,3.0,,,,0,0
Căn hộ chung cư,TP. Thủ Đức,116.0,6700.0,57.8,,,,,0,0
Căn hộ chung cư,TP. Thủ Đức,49.0,15000.0,306.1,1.0,1.0,,,0,0
Căn hộ chung cư,TP. Thủ Đức,80.0,4800.0,60.0,2.0,,,,0,0
Căn hộ chung cư,Quận 7,71.0,5450.0,76.8,2.0,2.0,,,0,0
Căn hộ chung cư,TP. Thủ Đức,100.0,6890.0,68.9,3.0,,,,0,0
Căn hộ chung cư,Quận 3,62.0,12900.0,208.1,,,,,0,0
Căn hộ chung cư,Quận 1,200.0,39000.0,195.0,3.0,4.0,,,0,0
Căn hộ chung cư,Quận Bình Thạnh,75.0,2100.0,28.0,2.0,,,,0,0
Căn hộ chung cư,Quận 10,77.0,5600.0,72.7,2.0,,,,0,0
Nhà riêng,Unknown,25.0,2980.0,119.2,2.0,2.0,2.0,9.41,0,0
Nhà riêng,Quận Bình Thạnh,195.0,39000.0,200.0,,,,,0,0
Căn hộ chung cư,TP. Thủ Đức,69.0,4680.0,67.8,2.0,,,,0,0
Căn hộ chung cư,Quận Bình Tân,50.0,3240.0,64.8,1.0,,,,0,0
Căn hộ chung cư,Quận 7,68.0,4400.0,64.7,2.0,,,,0,0
Căn hộ chung cư,Quận 3,68.0,1950.0,28.7,2.0,,,,0,0
Căn hộ chung cư,Huyện Nhà Bè,73.0,2980.0,40.8,2.0,2.0,,,0,0
Căn hộ chung cư,Quận 7,77.0,6100.0,79.2,2.0,,,,0,0
Căn hộ chung cư,Quận Gò Vấp,72.0,1650.0,22.9,2.0,2.0,,,0,0
Căn hộ chung cư,Quận 7,75.0,7400.0,98.7,,,,,0,0
Căn hộ chung cư,Quận 7,81.0,5450.0,67.3,3.0,2.0,,,0,0
Căn hộ chung cư,Quận Phú Nhuận,75.0,5000.0,66.7,2.0,2.0,,,0,0
Căn hộ chung cư,TP. Thủ Đức,63.0,29000.0,460.3,2.0,2.0,,,0,0
Nhà riêng,Quận 7,12.0,1650.0,137.5,1.0,,2.0,3.01,0,0
Nhà riêng,Quận 12,58.5,3500.0,59.8,2.0,2.0,1.0,,0,0
Căn hộ chung cư,Quận 7,81.0,5750.0,71.0,3.0,2.0,,,0,0
Căn hộ chung cư,Quận Bình Thạnh,80.0,7000.0,87.5,2.0,,,,0,0
Nhà riêng,Quận 7,94.0,5350.0,56.9,2.0,2.0,,,0,0
Nhà riêng,Quận Tân Phú,73.0,7700.0,105.5,6.0,6.0,3.0,,0,0
Căn hộ chung cư,Quận 7,147.0,14000.0,95.2,,,,,0,0
Căn hộ chung cư,Quận Tân Phú,74.0,3300.0,44.6,,,,,0,0
Căn hộ chung cư,Quận 3,81.0,5100.0,63.0,2.0,2.0,,,0,0
Căn hộ chung cư,Quận Gò Vấp,75.0,20000.0,266.7,,,6.0,,0,0
Nhà riêng,Quận Tân Bình,50.0,10500.0,210.0,5.0,5.0,5.0,7.03,0,0
Căn hộ chung cư,TP. Thủ Đức,46.0,2480.0,53.9,1.0,,,,0,0
Nhà riêng,Quận 7,30.0,2290.0,76.3,2.0,2.0,3.0,7.05,0,0
Căn hộ chung cư,Huyện Nhà Bè,70.0,3900.0,55.7,2.0,2.0,,,0,0
Căn hộ chung cư,Huyện Bình Chánh,55.0,1200.0,21.8,2.0,2.0,,,0,0
Căn hộ chung cư,TP. Thủ Đức,54.0,31000.0,574.1,2.0,,,,0,0
Căn hộ chung cư,Quận 6,68.0,3690.0,54.3,2.0,2.0,,,0,0
Nhà riêng,Quận 7,113.0,43000.0,380.5,,,,,0,0
Nhà riêng,Quận Tân Phú,51.0,5900.0,115.7,3.0,2.0,3.0,,0,0
Căn hộ chung cư,Huyện Bình Chánh,59.0,2490.0,42.2,2.0,2.0,,,0,0
Căn hộ chung cư,Quận 4,70.0,1650.0,23.6,2.0,,,,0,0
Căn hộ chung cư,Quận 1,73.0,14450.0,197.9,2.0,,,,0,0
Nhà riêng,Quận Bình Thạnh,80.0,18900.0,236.2,,,,,0,0
Căn hộ chung cư,TP. Thủ Đức,71.0,860.0,12.1,2.0,2.0,,,0,0
Căn hộ chung cư,Quận Bình Tân,68.0,4000.0,58.8,2.0,2.0,,,0,0
Căn hộ chung cư,Quận Tân Phú,86.0,6000.0,69.8,2.0,,,,0,0
Căn hộ chung cư,TP. Thủ Đức,70.0,2100.0,30.0,2.0,,,,0,0
Nhà riêng,Quận 8,105.0,15500.0,147.6,4.0,,,,0,0
Căn hộ chung cư,Quận 10,80.0,7100.0,88.8,2.0,2.0,,,0,0
Căn hộ chung cư,Quận 7,82.0,8000.0,97.6,2.0,2.0,,,0,0
Căn hộ chung cư,Huyện Nhà Bè,124.0,4100.0,33.1,3.0,2.0,,,0,0
Căn hộ chung cư,TP. Thủ Đức,69.0,4000.0,58.0,2.0,,,,0,0
Căn hộ chung cư,TP. Thủ Đức,106.0,3990.0,37.6,3.0,2.0,,,0,0
Căn hộ chung cư,Quận Tân Phú,112.0,7100.0,63.4,2.0,2.0,,,0,0
Nhà riêng,Quận Gò Vấp,80.0,8800.0,110.0,,5.0,4.0,,0,0
Căn hộ chung cư,Quận Bình Thạnh,68.0,2100.0,30.9,2.0,2.0,,,0,0
Nhà riêng,Unknown,192.0,15000.0,78.1,4.0,,1.0,13.02,0,0
Căn hộ chung cư,Huyện Bình Chánh,78.0,4200.0,53.8,1.0,,,,0,0
Căn hộ chung cư,Quận 7,57.0,3900.0,68.4,2.0,1.0,,,0,0
Nhà riêng,Quận 3,31.8,5800.0,182.4,3.0,,4.0,,0,0
Nhà riêng,Unknown,102.3,13000.0,127.1,,,,14.02,0,0
Nhà riêng,Unknown,110.0,3680.0,33.5,,,,28.27,0,0
Nhà riêng,Quận Phú Nhuận,64.0,13000.0,203.1,,,2.0,,0,0
Nhà riêng,Unknown,63.0,7500.0,119.0,5.0,3.0,3.0,,0,0
Nhà riêng,Unknown,132.9,10000.0,75.2,,,3.0,17.53,0,0
Nhà riêng,Unknown,119.0,5400.0,45.4,4.0,,2.0,16.68,0,0
Nhà riêng,TP. Thủ Đức,102.0,13900.0,136.3,4.0,,2.0,,0,0
Nhà riêng,Unknown,162.0,9890.0,61.0,4.0,5.0,3.0,,0,0
Nhà riêng,Unknown,59.0,5500.0,93.2,,,1.0,8.11,0,0
Nhà riêng,Quận 1,100.0,38000.0,380.0,,,7.0,,0,0
Nhà riêng,Unknown,100.0,9290.0,92.9,,,1.0,,0,0
Nhà riêng,Unknown,134.0,35000.0,261.2,8.0,8.0,3.0,1.66,0,0
Nhà riêng,TP. Thủ Đức,160.0,13500.0,84.4,4.0,4.0,3.0,,0,0
Nhà riêng,Huyện Hóc Môn,111.0,6500.0,58.6,,,2.0,18.92,0,0
Nhà riêng,TP. Thủ Đức,57.0,4480.0,78.6,3.0,,2.0,,0,0
Nhà riêng,Quận Bình Tân,48.0,4850.0,101.0,2.0,2.0,1.0,,0,0
Nhà riêng,Quận Gò Vấp,144.0,18000.0,125.0,,10.0,4.0,,0,0
Nhà riêng,Unknown,60.0,5300.0,88.3,5.0,2.0,2.0,8.97,0,0
Nhà riêng,Unknown,440.0,4700.0,10.7,,,,29.1,0,0
Nhà riêng,Huyện Bình Chánh,75.0,1200.0,16.0,1.0,,,,0,0
Căn hộ chung cư,Quận 10,61.0,6200.0,101.6,1.0,1.0,,,0,0
Nhà riêng,Quận Bình Tân,120.0,14900.0,124.2,,,,,0,0
Nhà riêng,Unknown,50.0,5350.0,107.0,,,,8.48,0,0
Nhà riêng,Unknown,100.0,7500.0,75.0,,,,7.4,0,0
Nhà riêng,Quận Bình Tân,80.9,7500.0,92.7,4.0,,3.0,12.29,0,0
Nhà riêng,Unknown,83.9,4790.0,57.1,,,,25.72,0,0
Nhà riêng,Huyện Hóc Môn,165.9,10500.0,63.3,,,,17.62,0,0
Căn hộ chung cư,Huyện Nhà Bè,100.0,4100.0,41.0,2.0,3.0,,,0,0
Nhà riêng,Unknown,35.5,7800.0,219.7,3.0,5.0,4.0,,0,0
Nhà riêng,TP. Thủ Đức,52.0,4850.0,93.3,3.0,3.0,3.0,,0,0
Nhà riêng,Unknown,82.0,17200.0,209.8,,,4.0,,0,0
Nhà riêng,Quận Bình Thạnh,285.0,35500.0,124.6,6.0,6.0,3.0,,0,0
Nhà riêng,Quận Phú Nhuận,63.0,7500.0,119.0,4.0,5.0,3.0,,0,0
Nhà riêng,Unknown,80.0,10200.0,127.5,3.0,,2.0,9.38,0,0
Nhà riêng,Quận Tân Phú,78.0,8600.0,110.3,,,3.0,,0,0
Nhà riêng,TP. Thủ Đức,65.0,4200.0,64.6,2.0,,2.0,,0,0
Nhà riêng,Unknown,83.2,2200.0,26.4,,,,21.91,0,0
Nhà riêng,Quận 1,225.0,15000.0,66.7,,,8.0,,0,0
Nhà riêng,Quận Bình Tân,58.8,4500.0,76.5,4.0,3.0,1.0,,0,0
Nhà riêng,Unknown,100.0,6600.0,66.0,,,3.0,,0,0
Nhà riêng,Unknown,65.0,7800.0,120.0,,,,8.72,0,0
Nhà riêng,Quận Bình Tân,65.0,7300.0,112.3,4.0,5.0,,,0,0
Nhà riêng,Quận 7,48.0,4550.0,94.8,3.0,,,,0,0
Nhà riêng,Quận 8,50.0,8200.0,164.0,3.0,3.0,,,0,0
Nhà riêng,TP. Thủ Đức,60.0,4980.0,83.0,2.0,1.0,,,0,0
Nhà riêng,TP. Thủ Đức,55.6,6450.0,116.0,2.0,2.0,2.0,,0,0
Nhà riêng,Quận Bình Tân,64.0,5200.0,81.2,3.0,3.0,2.0,,0,0
Nhà riêng,Unknown,92.3,2350.0,25.5,,,,22.73,0,0
Nhà riêng,TP. Thủ Đức,262.0,18500.0,70.6,,,4.0,,0,0
Nhà riêng,Unknown,47.0,5100.0,108.5,,,,8.35,0,0
Căn hộ chung cư,Quận 7,50.0,2500.0,50.0,2.0,1.0,,,0,0
Nhà riêng,Unknown,29.0,2900.0,100.0,,,,8.44,0,0
Căn hộ chung cư,Quận Tân Phú,70.0,3100.0,44.3,2.0,,,,0,0
Nhà riêng,Quận Bình Tân,64.0,5150.0,80.5,4.0,3.0,3.0,,0,0
Nhà riêng,Quận Tân Bình,60.0,6000.0,100.0,4.0,,4.0,,0,0
Nhà riêng,Unknown,88.0,6500.0,73.9,,,3.0,,0,0
Căn hộ chung cư,Quận 6,85.0,3200.0,37.6,2.0,2.0,,,0,0
Nhà riêng,Unknown,65.9,3700.0,56.1,4.0,,3.0,23.72,0,0
Nhà riêng,Unknown,85.0,1500.0,17.6,1.0,,1.0,39.96,0,0
Nhà riêng,Unknown,112.0,1800.0,16.1,,,,26.89,0,0
Nhà riêng,Unknown,30.0,1650.0,55.0,2.0,2.0,2.0,10.82,0,0
Nhà riêng,Unknown,80.0,5520.0,69.0,1.0,1.0,1.0,9.87,0,0
Nhà riêng,Quận Bình Tân,150.0,13300.0,88.7,,,,,0,0
Nhà riêng,Unknown,60.0,8500.0,141.7,3.0,4.0,4.0,7.78,0,0
Nhà riêng,Unknown,17.4,2480.0,142.5,,,,5.23,0,0
Nhà riêng,Unknown,100.0,4900.0,49.0,2.0,2.0,1.0,14.92,0,0
Nhà riêng,Quận Gò Vấp,67.0,7300.0,109.0,5.0,,4.0,,0,0
Nhà riêng,Quận Tân Phú,66.0,10900.0,165.2,6.0,4.0,4.0,6.46,0,0
Nhà riêng,Quận 7,42.0,5990.0,142.6,4.0,3.0,4.0,,0,0
Căn hộ chung cư,TP. Thủ Đức,60.0,2950.0,49.2,,,,,0,0
Nhà riêng,Unknown,75.0,5000.0,66.7,,,,19.04,0,0
Nhà riêng,Unknown,71.0,6600.0,93.0,,,,9.07,0,0
Nhà riêng,Unknown,70.1,2250.0,32.1,,,,22.45,0,0
Nhà riêng,Quận 7,105.0,8200.0,78.1,4.0,4.0,,,0,0
Nhà riêng,Quận Phú Nhuận,38.0,7300.0,192.1,3.0,4.0,,,0,0
Nhà riêng,Unknown,51.0,5900.0,115.7,,,,9.49,0,0
Nhà riêng,Unknown,200.0,3000.0,15.0,2.0,1.0,1.0,23.73,0,0
Nhà riêng,Unknown,56.0,4600.0,82.1,,,,11.48,0,0
Nhà riêng,Quận Bình Tân,60.0,4900.0,81.7,,,,,0,0
Nhà riêng,TP. Thủ Đức,100.0,7500.0,75.0,,,2.0,,0,0
Nhà riêng,Unknown,47.5,4850.0,102.1,2.0,2.0,2.0,,0,0
Nhà riêng,Unknown,57.0,5150.0,90.4,,,2.0,,0,0
Nhà riêng,Unknown,190.0,21500.0,113.2,,,5.0,,0,0
Căn hộ chung cư,Quận Gò Vấp,68.0,1730.0,25.4,2.0,2.0,,,0,0
Nhà riêng,Unknown,162.0,6700.0,41.4,6.0,6.0,1.0,9.02,0,0
Nhà riêng,Quận Tân Phú,37.0,6380.0,172.4,5.0,4.0,,,0,0
Nhà riêng,Quận 12,52.0,5730.0,110.2,3.0,3.0,3.0,,0,0
Nhà riêng,Unknown,107.0,6500.0,60.7,2.0,,1.0,14.03,0,0
Căn hộ chung cư,Quận 12,65.0,2880.0,44.3,2.0,2.0,,,0,0
Nhà riêng,Quận Gò Vấp,50.0,5250.0,105.0,2.0,,2.0,,0,0
Nhà riêng,Quận 7,133.0,9700.0,72.9,6.0,,,,0,0
Nhà riêng,Unknown,59.7,15000.0,251.3,,,1.0,4.9,0,0
Nhà riêng,Quận 12,80.0,8000.0,100.0,,,,,0,0
Nhà riêng,Unknown,72.0,4500.0,62.5,,,,14.91,0,0
Nhà riêng,Unknown,150.0,7200.0,48.0,,,,20.16,0,0
Nhà riêng,Quận Tân Phú,63.0,5900.0,93.7,3.0,3.0,,,0,0
Căn hộ chung cư,Quận 4,77.0,2450.0,31.8,2.0,,,,0,0
Nhà riêng,Unknown,168.0,12900.0,76.8,,,4.0,,0,0
Nhà riêng,Unknown,44.0,1200.0,27.3,2.0,,1.0,23.79,0,0
Nhà riêng,Unknown,65.0,3650.0,56.2,2.0,2.0,2.0,,0,0
Nhà riêng,Unknown,40.0,4950.0,123.8,5.0,,4.0,12.09,0,0
Nhà riêng,Quận 8,80.0,8130.000000000001,101.6,3.0,,,,0,0
Nhà riêng,Unknown,144.0,18500.0,128.5,4.0,3.0,3.0,8.42,0,0
Nhà riêng,Unknown,43.0,3790.0,88.1,2.0,,3.0,14.45,0,0
Nhà riêng,Quận Tân Phú,17.41,2400.0,137.9,2.0,,1.0,6.66,0,0
Căn hộ chung cư,TP. Thủ Đức,68.0,2800.0,41.2,,,,,0,0
