property_group_id,property_type,location_area,area,price_million,unit_price_million_m2,bedrooms,bathrooms,floors,latitude,longitude,distance_to_cbd_km,listing_date,has_furniture,car_alley
property_18255548556880246002_000000,Căn hộ chung cư,Quận 5,219.0,25000.0,114.2,4.0,3.0,,,,,2025-08-01 21:19:00+00:00,0,0
property_8940881950397067466_000001,Nhà riêng,Quận Bình Tân,68.0,6900.0,101.5,4.0,5.0,3.0,,,,2025-09-24 18:49:00+00:00,0,0
property_13002976891037874108_000002,Căn hộ chung cư,TP. Thủ Đức,68.0,3600.0,52.9,,,,,,,2025-09-16 20:59:00+00:00,0,0
property_16306954991569160249_000003,Căn hộ chung cư,Quận 8,68.0,35000.0,514.7,2.0,1.0,,,,,2025-08-01 21:20:00+00:00,0,0
property_13853623301797033334_000004,Căn hộ chung cư,Quận 7,36.0,2000.0,55.6,,2.0,,,,,2025-08-01 21:23:00+00:00,0,0
property_4089453339525520090_000006,Nhà riêng,Quận 3,80.0,24000.0,300.0,,,4.0,,,,2025-09-24 18:48:00+00:00,0,0
property_16805873713828760409_000007,Căn hộ chung cư,Quận 10,61.0,5200.0,85.2,1.0,,,,,,2025-08-31 21:10:00+00:00,0,0
property_7328437829722609179_000009,Căn hộ chung cư,Quận 7,71.0,48000.0,676.1,2.0,2.0,,,,,2025-08-01 21:20:00+00:00,0,0
property_1498923868939970251_000014,Nhà riêng,Unknown,70.0,8500.0,121.4,4.0,5.0,4.0,10.794,106.648,6.08,2025-08-31 18:43:00+00:00,0,0
property_16039206120318707675_000016,Căn hộ chung cư,Huyện Nhà Bè,190.0,4950.0,26.1,4.0,3.0,2.0,,,,2025-05-03 21:29:00+00:00,0,0
property_12277375306322206626_000019,Nhà riêng,Quận Bình Thạnh,60.0,10590.0,176.5,,,,,,,2025-09-24 18:49:00+00:00,0,0
property_14449575114754844475_000021,Căn hộ chung cư,Huyện Bình Chánh,56.0,3100.0,55.4,2.0,1.0,,,,,2025-09-09 21:01:00+00:00,0,0
property_10097396821905645804_000022,Căn hộ chung cư,Quận 7,124.0,11500.0,92.7,3.0,,,,,,2025-09-23 20:53:00+00:00,0,0
property_2686406521962565520_000023,Căn hộ chung cư,Quận 7,124.0,19900.0,160.5,,,,,,,2025-09-16 20:56:00+00:00,0,0
property_16502687530024419358_000024,Căn hộ chung cư,TP. Thủ Đức,86.0,2400.0,27.9,2.0,2.0,,,,,2025-05-03 21:29:00+00:00,0,0
property_15291150821411119920_000026,Nhà riêng,Quận Bình Thạnh,86.0,18000.0,209.3,,,,,,,2025-09-24 18:49:00+00:00,0,0
property_3437026253264581285_000029,Căn hộ chung cư,Quận 7,60.0,3200.0,53.3,2.0,2.0,,,,,2025-09-23 20:52:00+00:00,0,0
property_2793789407060226766_000031,Căn hộ chung cư,Quận Bình Thạnh,68.0,2550.0,37.5,2.0,,,,,,2025-09-16 20:57:00+00:00,0,0
property_6543070029427150447_000032,Căn hộ chung cư,TP. Thủ Đức,79.0,4500.0,57.0,2.0,,,,,,2025-08-31 21:12:00+00:00,0,0
property_3615146656062405068_000033,Căn hộ chung cư,Quận Bình Thạnh,86.0,10800.0,125.6,,,,,,,2025-09-16 20:56:00+00:00,0,0
property_17463793716872473717_000036,Nhà riêng,Quận 12,55.0,29000.0,527.3,8.0,5.0,4.0,,,,2025-09-24 18:48:00+00:00,0,0
property_18137216896450165486_000038,Nhà riêng,Quận Tân Bình,67.5,9500.0,140.7,4.0,,4.0,,,,2025-09-16 18:41:00+00:00,0,0
property_9975307768211541689_000041,Căn hộ chung cư,TP. Thủ Đức,147.0,7900.0,53.7,3.0,2.0,,,,,2025-09-09 20:59:00+00:00,0,0
property_14140575441005166500_000042,Nhà riêng,Quận Phú Nhuận,40.0,7500.0,187.5,4.0,,4.0,,,,2025-09-16 18:41:00+00:00,0,0
property_10619481892887938852_000043,Căn hộ chung cư,Quận Gò Vấp,110.0,26500.0,240.9,,,,,,,2025-09-16 20:55:00+00:00,0,0
property_13018587057398240531_000044,Căn hộ chung cư,Quận Tân Phú,112.0,7220.0,64.5,,,,,,,2025-09-16 20:56:00+00:00,0,0
property_9930855674420893406_000047,Căn hộ chung cư,Quận 10,87.0,9500.0,109.2,2.0,,,,,,2025-09-16 20:57:00+00:00,0,0
property_4292516898468373633_000048,Căn hộ chung cư,Quận Tân Phú,105.0,4000.0,38.1,3.0,2.0,,,,,2025-08-01 21:27:00+00:00,0,0
property_14042217598553213482_000050,Nhà riêng,Unknown,80.0,4200.0,52.5,3.0,1.0,0.0,10.737,106.64,8.0,2025-08-31 18:44:00+00:00,0,0
property_5260337924932777535_000051,Căn hộ chung cư,Quận 6,52.0,2700.0,51.9,2.0,,,,,,2025-08-31 21:08:00+00:00,0,0
property_1692422534104584952_000052,Căn hộ chung cư,Quận Tân Phú,76.0,2800.0,36.8,2.0,2.0,,,,,2025-09-16 20:57:00+00:00,0,0
property_10171192484646065785_000053,Nhà riêng,TP. Thủ Đức,75.0,14000.0,186.7,,,,,,,2025-09-24 18:49:00+00:00,0,0
property_9943718252493314512_000056,Căn hộ chung cư,TP. Thủ Đức,82.0,14370.0,175.2,2.0,2.0,,,,,2025-06-02 21:29:00+00:00,0,0
property_17083108121575584991_000057,Căn hộ chung cư,Quận 8,68.0,2300.0,33.8,2.0,,,,,,2025-09-23 20:53:00+00:00,0,0
property_17931104299622180335_000060,Căn hộ chung cư,Quận Bình Thạnh,90.0,7900.0,87.8,2.0,2.0,,,,,2025-08-31 21:08:00+00:00,0,0
property_4479884375727947263_000061,Căn hộ chung cư,Quận Bình Thạnh,160.0,22000.0,137.5,1.0,3.0,,,,,2025-09-09 21:02:00+00:00,0,0
property_755378544546713375_000065,Căn hộ chung cư,Quận 7,106.0,5900.0,55.7,3.0,2.0,,,,,2025-08-31 21:08:00+00:00,0,0
property_6308011462764679954_000068,Căn hộ chung cư,Quận 7,248.0,29000.0,116.9,6.0,4.0,,,,,2025-07-02 21:27:00+00:00,0,0
property_10321480965228940702_000069,Căn hộ chung cư,Quận Bình Thạnh,95.0,41000.0,431.6,3.0,,,,,,2025-08-01 21:25:00+00:00,0,0
property_5252403284393794531_000070,Căn hộ chung cư,TP. Thủ Đức,65.0,3200.0,49.2,2.0,2.0,,,,,2025-09-16 20:54:00+00:00,0,0
property_1433345747246790732_000073,Căn hộ chung cư,Huyện Nhà Bè,87.0,1950.0,22.4,3.0,,,,,,2025-09-09 21:01:00+00:00,0,0
property_13921113548903130505_000074,Nhà riêng,TP. Thủ Đức,76.0,7900.0,103.9,2.0,,1.0,10.789,106.734,3.86,2025-08-31 18:43:00+00:00,0,0
property_13114976913989250347_000076,Căn hộ chung cư,Quận 7,147.0,13500.0,91.8,4.0,3.0,,,,,2025-09-23 20:53:00+00:00,0,0
property_17437917474567363644_000077,Căn hộ chung cư,Quận 4,115.0,5200.0,45.2,3.0,,,,,,2025-09-16 20:56:00+00:00,0,0
property_2145103075985589481_000078,Căn hộ chung cư,Quận Bình Thạnh,68.0,1540.0,22.6,2.0,2.0,,,,,2025-09-23 20:53:00+00:00,0,0
property_13079072618152216653_000081,Căn hộ chung cư,TP. Thủ Đức,54.0,3310.0,61.3,1.0,,,,,,2025-09-16 20:55:00+00:00,0,0
property_15208854074670249671_000082,Căn hộ chung cư,Quận Tân Bình,55.0,2900.0,52.7,2.0,1.0,,,,,2025-08-31 21:11:00+00:00,0,0
property_2349902016264431425_000083,Căn hộ chung cư,Quận 7,58.0,45000.0,775.9,1.0,1.0,,,,,2025-07-02 21:28:00+00:00,0,0
property_12014997665450027328_000087,Căn hộ chung cư,Quận Bình Thạnh,67.0,1940.0,29.0,2.0,,,,,,2025-09-02 21:04:00+00:00,0,0
property_10876158427186717458_000089,Căn hộ chung cư,Huyện Bình Chánh,84.0,2900.0,34.5,2.0,2.0,,,,,2025-09-16 20:54:00+00:00,0,0
property_16987231252314695750_000090,Nhà riêng,Quận Bình Thạnh,105.0,8390.0,79.9,,,,,,,2025-09-24 18:49:00+00:00,0,0
property_15530671007447500232_000091,Căn hộ chung cư,Quận Tân Phú,159.0,10800.0,67.9,3.0,3.0,,,,,2025-09-09 21:02:00+00:00,0,0
property_7874765425013272270_000092,Nhà riêng,Unknown,75.0,5200.0,69.3,3.0,4.0,4.0,10.862,106.696,9.48,2025-08-31 18:44:00+00:00,0,0
property_5826071283365919431_000093,Căn hộ chung cư,Quận Bình Thạnh,146.0,13800.0,94.5,2.0,2.0,,,,,2025-09-16 20:49:00+00:00,0,0
property_10418115859717537494_000094,Căn hộ chung cư,Quận Phú Nhuận,33.0,2300.0,69.7,,,,,,,2025-08-31 21:06:00+00:00,0,0
property_6897674685921909666_000098,Căn hộ chung cư,Unknown,90.0,3600.0,40.0,1.0,1.0,,,,,2025-09-16 20:58:00+00:00,0,0
property_16672945495466453190_000099,Căn hộ chung cư,Huyện Nhà Bè,50.0,24000.0,480.0,,,,,,,2025-08-01 21:26:00+00:00,0,0
property_13629792860862365120_000101,Căn hộ chung cư,Quận 5,71.0,1750.0,24.6,2.0,,,,,,2025-09-23 20:53:00+00:00,0,0
property_3631786768611460329_000102,Nhà riêng,Unknown,58.0,12000.0,206.9,4.0,,4.0,10.789,106.714,1.96,2025-08-31 18:43:00+00:00,0,0
property_14464448242694400661_000103,Căn hộ chung cư,Quận 1,49.0,18000.0,367.3,,,,,,,2025-08-31 21:09:00+00:00,0,0
property_15434264539473027022_000104,Căn hộ chung cư,TP. Thủ Đức,67.0,2940.0,43.9,2.0,2.0,,,,,2025-09-16 20:59:00+00:00,0,0
property_2181807148681928182_000105,Nhà riêng,Quận 3,86.0,17000.0,197.7,,,,,,,2025-09-24 18:49:00+00:00,0,0
property_4787426456668328531_000106,Căn hộ chung cư,Quận 12,73.0,2300.0,31.5,2.0,,,,,,2025-05-03 21:29:00+00:00,0,0
property_14022596588808632407_000107,Căn hộ chung cư,Quận 7,68.0,7400.0,108.8,2.0,2.0,,,,,2025-08-31 21:09:00+00:00,0,0
property_2891186034146455821_000108,Căn hộ chung cư,Quận Bình Thạnh,72.0,1680.0,23.3,2.0,2.0,,,,,2025-09-16 20:55:00+00:00,0,0
property_9328759677774903972_000109,Căn hộ chung cư,Quận Tân Phú,52.0,3400.0,65.4,2.0,1.0,,,,,2025-09-16 20:58:00+00:00,0,0
property_16441851341651066468_000110,Căn hộ chung cư,TP. Thủ Đức,73.0,4600.0,63.0,2.0,,,,,,2025-08-31 21:09:00+00:00,0,0
property_15340000927630855471_000111,Nhà riêng,Huyện Nhà Bè,52.3,3000.0,57.4,3.0,,2.0,10.676,106.746,12.25,2025-08-31 18:43:00+00:00,0,0
property_18442030003447977990_000112,Căn hộ chung cư,Huyện Nhà Bè,50.0,2200.0,44.0,2.0,2.0,,,,,2025-09-23 20:53:00+00:00,0,0
property_2393814231504861958_000114,Căn hộ chung cư,TP. Thủ Đức,30.0,1550.0,51.7,,,,,,,2025-08-31 21:07:00+00:00,0,0
property_777106125586421148_000116,Nhà riêng,Quận Bình Thạnh,30.0,5590.0,186.3,3.0,4.0,,,,,2025-09-23 18:51:00+00:00,0,0
property_13412644004660180216_000117,Căn hộ chung cư,Quận Tân Bình,90.0,3300.0,36.7,2.0,2.0,,,,,2025-09-16 20:57:00+00:00,0,0
property_2910532882863688487_000120,Căn hộ chung cư,Huyện Bình Chánh,67.0,4300.0,64.2,2.0,2.0,,,,,2025-09-16 20:55:00+00:00,0,0
property_938830557668104996_000121,Căn hộ chung cư,Quận 12,65.0,2550.0,39.2,2.0,2.0,,,,,2025-09-09 21:03:00+00:00,0,0
property_14820769022640389310_000123,Căn hộ chung cư,TP. Thủ Đức,51.0,3250.0,63.7,1.0,,,,,,2025-08-31 21:08:00+00:00,0,0
property_2018921028744993154_000125,Căn hộ chung cư,Huyện Nhà Bè,30.0,1750.0,58.3,1.0,,,,,,2025-08-31 21:10:00+00:00,0,0
property_5684835221959965130_000126,Căn hộ chung cư,Huyện Nhà Bè,90.0,4700.0,52.2,1.0,,,,,,2025-08-01 21:23:00+00:00,0,0
property_9876435012272501202_000127,Căn hộ chung cư,Quận 4,86.0,4600.0,53.5,2.0,2.0,,,,,2025-09-16 20:57:00+00:00,0,0
property_13194849004241249365_000128,Căn hộ chung cư,Quận Tân Phú,121.0,10000.0,82.6,2.0,4.0,,,,,2025-08-01 21:24:00+00:00,0,0
property_3172100829773281767_000130,Căn hộ chung cư,Quận 12,58.0,2590.0,44.7,2.0,,,,,,2025-09-09 21:03:00+00:00,0,0
property_6464157724623861889_000133,Căn hộ chung cư,TP. Thủ Đức,69.0,2600.0,37.7,2.0,,,,,,2025-09-16 20:57:00+00:00,0,0
property_13189932436783541861_000135,Nhà riêng,Unknown,28.0,3050.0,108.9,1.0,1.0,1.0,10.84,106.644,9.37,2025-08-31 18:42:00+00:00,0,0
property_5063758236147833636_000136,Căn hộ chung cư,Quận 7,100.0,5800.0,58.0,3.0,2.0,,,,,2025-05-03 21:29:00+00:00,0,0
property_3550186768457619376_000137,Căn hộ chung cư,Quận 6,90.0,3350.0,37.2,3.0,2.0,,,,,2025-08-31 21:07:00+00:00,0,0
property_14100076409783668217_000138,Căn hộ chung cư,Quận Gò Vấp,72.0,37000.0,513.9,2.0,,,,,,2025-07-02 21:27:00+00:00,0,0
property_3616525310259113945_000140,Căn hộ chung cư,Quận 7,110.0,16800.0,152.7,3.0,,,,,,2025-08-31 21:12:00+00:00,0,0
property_5982279603151919609_000142,Căn hộ chung cư,Quận 1,47.0,11580.0,246.4,1.0,1.0,,,,,2025-09-09 21:02:00+00:00,0,0
property_16024212283257553430_000143,Nhà riêng,Quận Bình Tân,35.0,2000.0,57.1,2.0,,1.0,,,,2025-09-16 18:41:00+00:00,0,0
property_1208930757747616686_000144,Căn hộ chung cư,Quận 1,85.0,5300.0,62.4,2.0,2.0,,,,,2025-09-09 21:01:00+00:00,0,0
property_15840700995619495065_000145,Căn hộ chung cư,Quận 4,122.0,9300.0,76.2,3.0,3.0,,,,,2025-09-23 20:52:00+00:00,0,0
property_114680085007629309_000146,Căn hộ chung cư,Huyện Bình Chánh,72.0,3200.0,44.4,2.0,2.0,,,,,2025-09-16 20:54:00+00:00,0,0
property_14758142522263770651_000147,Căn hộ chung cư,Quận 7,90.0,4100.0,45.6,,,,,,,2025-09-23 20:52:00+00:00,0,0
property_256717376014511513_000148,Nhà riêng,Quận Tân Bình,168.0,21500.0,128.0,,,1.0,,,,2025-09-24 18:49:00+00:00,0,0
property_11115611786579887024_000150,Căn hộ chung cư,Quận 7,120.0,8000.0,66.7,3.0,,,,,,2025-08-01 21:22:00+00:00,0,0
property_9989901437178455764_000151,Căn hộ chung cư,TP. Thủ Đức,81.0,3300.0,40.7,2.0,2.0,,,,,2025-09-16 20:54:00+00:00,0,0
property_1917370602426764177_000152,Căn hộ chung cư,Huyện Bình Chánh,78.0,3950.0,50.6,2.0,2.0,,,,,2025-09-02 21:05:00+00:00,0,0
property_7133428440409445818_000153,Căn hộ chung cư,Quận Bình Thạnh,68.0,1680.0,24.7,2.0,2.0,,,,,2025-08-31 21:11:00+00:00,0,0
property_4247561318514422079_000154,Căn hộ chung cư,Quận Gò Vấp,35.0,1470.0,42.0,1.0,,0.0,,,,2025-08-01 21:23:00+00:00,0,0
property_1596768621898552399_000155,Căn hộ chung cư,Quận 4,41.0,3290.0,80.2,1.0,1.0,,,,,2025-09-23 20:53:00+00:00,0,0
property_4981679315088877562_000157,Căn hộ chung cư,Quận Tân Phú,78.0,3000.0,38.5,2.0,2.0,,,,,2025-08-01 21:16:00+00:00,0,0
property_168289346545838762_000158,Căn hộ chung cư,TP. Thủ Đức,67.0,1650.0,24.6,2.0,1.0,,,,,2025-09-23 20:53:00+00:00,0,0
property_13112080665149885356_000159,Căn hộ chung cư,Quận Bình Tân,67.0,2100.0,31.3,2.0,2.0,,,,,2025-09-02 21:04:00+00:00,0,0
property_3619362905050207587_000160,Căn hộ chung cư,TP. Thủ Đức,81.0,5500.0,67.9,2.0,2.0,,,,,2025-09-16 20:57:00+00:00,0,0
property_620154970929280690_000162,Nhà riêng,Quận Tân Phú,152.0,15500.0,102.0,4.0,2.0,2.0,,,,2025-08-31 18:42:00+00:00,0,0
property_16878267931304675019_000163,Căn hộ chung cư,Quận 7,56.0,4600.0,82.1,2.0,1.0,,,,,2025-08-31 21:10:00+00:00,0,0
property_1280941237429138288_000165,Căn hộ chung cư,Quận 7,172.0,17800.0,103.5,,,,,,,2025-08-31 21:08:00+00:00,0,0
property_3319293931548981452_000168,Căn hộ chung cư,Quận 7,200.0,25600.0,128.0,5.0,,,,,,2025-08-01 21:24:00+00:00,0,0
property_15004309273644199319_000170,Nhà riêng,Quận Tân Bình,75.0,7700.0,102.7,,,2.0,,,,2025-09-16 18:41:00+00:00,0,0
property_7585975569610073051_000172,Căn hộ chung cư,Quận 7,165.0,9900.0,60.0,3.0,2.0,,,,,2025-08-31 21:05:00+00:00,0,0
property_1722030806571109459_000173,Nhà riêng,Quận Bình Tân,220.0,17000.0,77.3,2.0,,1.0,,,,2025-09-23 18:41:00+00:00,0,0
property_14086851187663341790_000176,Nhà riêng,TP. Thủ Đức,54.0,4000.0,74.1,,,2.0,,,,2025-09-24 18:49:00+00:00,0,0
property_11633754408923628889_000178,Nhà riêng,Unknown,110.0,33000.0,300.0,6.0,,3.0,10.808,106.674,4.54,2025-09-24 18:40:00+00:00,0,0
property_3536339388472941338_000181,Căn hộ chung cư,TP. Thủ Đức,62.0,1670.0,26.9,2.0,,,,,,2025-09-23 20:53:00+00:00,0,0
property_2027224272076444921_000185,Căn hộ chung cư,Quận 7,58.0,3730.0,64.3,2.0,1.0,,,,,2025-08-31 21:08:00+00:00,0,0
property_16211829881446820563_000187,Căn hộ chung cư,TP. Thủ Đức,81.0,3450.0,42.6,3.0,,,,,,2025-08-31 21:05:00+00:00,0,0
property_14345765825180707045_000189,Căn hộ chung cư,Quận 1,77.0,17000.0,220.8,2.0,,1.0,,,,2025-09-16 20:58:00+00:00,0,0
property_13294015045635247073_000190,Căn hộ chung cư,Huyện Bình Chánh,68.0,1750.0,25.7,2.0,,,,,,2025-09-09 21:00:00+00:00,0,0
property_15439511401428735341_000191,Căn hộ chung cư,Quận 8,68.0,2650.0,39.0,,2.0,,,,,2025-09-23 20:52:00+00:00,0,0
property_11711913562585543838_000192,Căn hộ chung cư,Quận Bình Thạnh,120.0,17000.0,141.7,,,4.0,,,,2025-09-16 20:55:00+00:00,0,0
property_9526117846270075085_000193,Căn hộ chung cư,Quận 7,37.0,24000.0,648.6,,,,,,,2025-08-01 21:25:00+00:00,0,0
property_3909663710798274494_000194,Căn hộ chung cư,TP. Thủ Đức,58.0,3140.0,54.1,2.0,2.0,,,,,2025-09-16 20:54:00+00:00,0,0
property_17129980286518922653_000195,Căn hộ chung cư,Quận Bình Thạnh,135.0,11300.0,83.7,3.0,,,,,,2025-09-09 21:02:00+00:00,0,0
property_765325767808530821_000196,Căn hộ chung cư,Quận Phú Nhuận,75.0,5800.0,77.3,2.0,2.0,,,,,2025-08-31 21:06:00+00:00,0,0
property_2914779761238588729_000197,Căn hộ chung cư,Quận 7,99.0,7200.0,72.7,2.0,2.0,,,,,2025-09-16 20:59:00+00:00,0,0
property_1548561646854313276_000199,Căn hộ chung cư,Quận Gò Vấp,75.0,3650.0,48.7,2.0,2.0,,,,,2025-08-31 21:07:00+00:00,0,0
property_3418613579147919803_000201,Căn hộ chung cư,Quận 4,111.0,13000.0,117.1,3.0,3.0,,,,,2025-09-09 21:01:00+00:00,0,0
property_1376295526549376047_000203,Căn hộ chung cư,Huyện Bình Chánh,83.0,32000.0,385.5,3.0,2.0,,,,,2025-08-01 21:17:00+00:00,0,0
property_748726987840430153_000204,Căn hộ chung cư,Quận Bình Tân,78.0,3700.0,47.4,,,,,,,2025-08-01 21:23:00+00:00,0,0
property_7036765597055130954_000205,Nhà riêng,Huyện Nhà Bè,85.0,10900.0,128.2,4.0,,3.0,,,,2025-09-24 18:49:00+00:00,0,0
property_17766551568174712335_000206,Nhà riêng,Quận Tân Phú,59.0,8700.0,147.5,3.0,2.0,3.0,,,,2025-08-31 18:42:00+00:00,0,0
property_11747181122238394332_000207,Căn hộ chung cư,Huyện Nhà Bè,33.0,2180.0,66.1,1.0,1.0,,,,,2025-08-31 21:10:00+00:00,0,0
property_4951303628214499054_000209,Căn hộ chung cư,Quận 4,70.0,42000.0,600.0,2.0,2.0,,,,,2025-08-31 21:15:00+00:00,0,0
property_14563585144338890123_000211,Căn hộ chung cư,Quận 7,79.0,7000.0,88.6,2.0,2.0,,,,,2025-08-31 21:10:00+00:00,0,0
property_12203713943756658164_000213,Căn hộ chung cư,Huyện Nhà Bè,54.0,3510.0,65.0,,,,,,,2025-08-31 21:08:00+00:00,0,0
property_15241276046344833789_000214,Căn hộ chung cư,Quận Tân Bình,90.0,3250.0,36.1,2.0,,,,,,2025-08-31 21:06:00+00:00,0,0
property_12792789401111529448_000215,Căn hộ chung cư,Quận 7,130.0,13000.0,100.0,3.0,,,,,,2025-08-31 21:13:00+00:00,0,0
property_7191775797485429784_000216,Căn hộ chung cư,Quận 7,117.0,4800.0,41.0,3.0,2.0,,,,,2025-09-16 20:55:00+00:00,0,0
property_1543835018363549287_000217,Căn hộ chung cư,Quận 7,70.0,5550.0,79.3,2.0,2.0,,,,,2025-08-31 21:05:00+00:00,0,0
property_17326122995625655102_000218,Căn hộ chung cư,Quận Bình Thạnh,54.0,3350.0,62.0,2.0,,,,,,2025-09-02 21:05:00+00:00,0,0
property_2945027482155735541_000219,Căn hộ chung cư,TP. Thủ Đức,61.0,2690.0,44.1,2.0,2.0,,,,,2025-09-16 20:57:00+00:00,0,0
property_2684169317694542544_000221,Căn hộ chung cư,TP. Thủ Đức,75.0,47000.0,626.7,2.0,2.0,,,,,2025-08-31 21:13:00+00:00,0,0
property_15644917588790326002_000223,Căn hộ chung cư,TP. Thủ Đức,70.0,4600.0,65.7,2.0,2.0,,,,,2025-09-16 20:57:00+00:00,0,0
property_3371139752965379421_000225,Nhà riêng,Unknown,97.4,2900.0,29.8,,,1.0,11.006,106.635,26.47,2025-08-31 18:43:00+00:00,0,0
property_17807434172141899859_000226,Căn hộ chung cư,Quận 8,57.0,27000.0,473.7,1.0,,,,,,2025-08-01 21:17:00+00:00,0,0
property_6853558646351483676_000229,Nhà riêng,Quận 3,64.0,28600.0,446.9,,,,,,,2025-09-24 18:50:00+00:00,0,0
property_4015697301269144942_000231,Nhà riêng,Unknown,42.0,3100.0,73.8,2.0,2.0,2.0,10.874,106.622,13.81,2025-08-31 18:45:00+00:00,0,0
property_2264808156481864306_000233,Căn hộ chung cư,Quận 10,71.0,5000.0,70.4,2.0,2.0,,,,,2025-08-31 21:06:00+00:00,0,0
property_6143603452400540321_000234,Căn hộ chung cư,Quận 7,69.0,1650.0,23.9,2.0,,,,,,2025-09-16 20:58:00+00:00,0,0
property_10518829768790870442_000236,Căn hộ chung cư,Huyện Nhà Bè,67.0,4690.0,70.0,1.0,2.0,1.0,,,,2025-09-02 21:05:00+00:00,0,0
property_4099213778574730250_000238,Căn hộ chung cư,Unknown,131.0,5100.0,38.9,3.0,,,,,,2025-09-16 20:54:00+00:00,0,0
property_3548224878186911292_000239,Căn hộ chung cư,Quận Tân Phú,67.0,3750.0,56.0,2.0,2.0,,,,,2025-09-23 20:52:00+00:00,0,0
property_9840421496748145085_000242,Căn hộ chung cư,TP. Thủ Đức,69.0,1710.0,24.8,2.0,,,,,,2025-09-16 20:58:00+00:00,0,0
property_2221178892140804980_000243,Căn hộ chung cư,TP. Thủ Đức,80.0,6400.0,80.0,,,,,,,2025-08-31 21:12:00+00:00,0,0
property_1079377842008839398_000244,Căn hộ chung cư,Quận 4,65.0,1960.0,30.2,2.0,2.0,,,,,2025-09-23 20:53:00+00:00,0,0
property_18409942539574585589_000246,Nhà riêng,Unknown,24.0,8900.0,370.8,,,3.0,10.803,106.69,3.14,2025-08-31 18:43:00+00:00,0,0
property_9319971632106842098_000247,Căn hộ chung cư,Huyện Bình Chánh,114.0,3000.0,26.3,3.0,2.0,,,,,2025-08-01 21:23:00+00:00,0,0
property_3341677510069287795_000248,Căn hộ chung cư,TP. Thủ Đức,68.0,3800.0,55.9,2.0,2.0,,,,,2025-08-31 21:05:00+00:00,0,0
property_1973306419687692348_000251,Căn hộ chung cư,TP. Thủ Đức,98.0,37000.0,377.6,3.0,2.0,,,,,2025-08-01 21:25:00+00:00,0,0
property_2478292213631746252_000253,Nhà riêng,Quận Bình Thạnh,63.0,11600.0,184.1,,,,,,,2025-09-24 18:49:00+00:00,0,0
property_9572185707762043433_000254,Căn hộ chung cư,Quận 4,58.0,5700.0,98.3,2.0,1.0,,,,,2025-09-23 20:54:00+00:00,0,0
property_3627690419546944314_000256,Căn hộ chung cư,Quận Bình Thạnh,90.0,7000.0,77.8,2.0,2.0,,,,,2025-08-01 21:26:00+00:00,0,0
property_1958038434647073531_000257,Căn hộ chung cư,Quận 4,80.0,1780.0,22.2,2.0,,,,,,2025-09-23 20:53:00+00:00,0,0
property_13509045912337420511_000259,Căn hộ chung cư,Quận 4,70.0,5200.0,74.3,2.0,,,,,,2025-09-16 20:57:00+00:00,0,0
property_2014886681852686430_000260,Căn hộ chung cư,Quận 6,105.0,4600.0,43.8,3.0,,,,,,2025-08-31 21:07:00+00:00,0,0
property_5560365402976216208_000265,Căn hộ chung cư,Quận Gò Vấp,129.0,18500.0,143.4,8.0,11.0,,,,,2025-09-16 20:56:00+00:00,0,0
property_1229890162551528174_000267,Căn hộ chung cư,Quận 8,68.0,3550.0,52.2,2.0,2.0,,,,,2025-08-31 21:11:00+00:00,0,0
property_2385016411453714290_000268,Căn hộ chung cư,Quận Phú Nhuận,96.0,7700.0,80.2,3.0,,,,,,2025-09-09 21:01:00+00:00,0,0
property_7270138323608181358_000270,Căn hộ chung cư,Quận 8,75.0,21000.0,280.0,2.0,,,,,,2025-08-01 21:22:00+00:00,0,0
property_8887603169462253340_000271,Nhà riêng,Quận Tân Bình,85.0,15000.0,176.5,4.0,,4.0,,,,2025-09-16 18:41:00+00:00,0,0
property_10616435062081275349_000272,Nhà riêng,Quận Gò Vấp,42.0,5200.0,123.8,2.0,2.0,2.0,10.831,106.666,7.12,2025-08-31 18:44:00+00:00,0,0
property_8399707993291708123_000273,Căn hộ chung cư,Quận 7,78.0,3750.0,48.1,2.0,2.0,,,,,2025-09-16 20:56:00+00:00,0,0
property_6427546463666341495_000274,Căn hộ chung cư,Quận Bình Tân,210.0,19900.0,94.8,2.0,2.0,,,,,2025-09-16 20:55:00+00:00,0,0
property_4160636267336614720_000276,Căn hộ chung cư,Huyện Bình Chánh,68.0,3000.0,44.1,2.0,2.0,,,,,2025-08-01 21:17:00+00:00,0,0
property_9660403027913499792_000277,Căn hộ chung cư,TP. Thủ Đức,90.0,5700.0,63.3,,,0.0,,,,2025-09-16 20:56:00+00:00,0,0
property_14063656153464870768_000282,Căn hộ chung cư,Quận 1,97.0,22000.0,226.8,3.0,,,,,,2025-08-01 21:15:00+00:00,0,0
property_7120043697934517994_000284,Căn hộ chung cư,Quận Bình Thạnh,85.0,9800.0,115.3,,,,,,,2025-09-09 21:00:00+00:00,0,0
property_14983080276226669677_000285,Căn hộ chung cư,Quận 7,70.0,6200.0,88.6,2.0,2.0,,,,,2025-09-09 20:59:00+00:00,0,0
property_8530091320169999373_000286,Nhà riêng,Unknown,102.0,3100.0,30.4,2.0,1.0,2.0,10.89,106.609,16.09,2025-08-31 18:42:00+00:00,0,0
property_17166437247976121181_000287,Căn hộ chung cư,Quận Bình Thạnh,98.0,9000.0,91.8,3.0,,,,,,2025-09-16 20:59:00+00:00,0,0
property_13054155041574805631_000288,Căn hộ chung cư,TP. Thủ Đức,67.0,2900.0,43.3,2.0,2.0,,,,,2025-06-02 21:28:00+00:00,0,0
property_4378353107433157797_000289,Nhà riêng,Unknown,35.4,15000.0,423.7,,,,10.78,106.705,0.57,2025-08-31 18:44:00+00:00,0,0
property_8072666429305339514_000290,Căn hộ chung cư,Quận 12,73.0,2220.0,30.4,,,,,,,2025-05-03 21:29:00+00:00,0,0
property_12615237023012987269_000291,Căn hộ chung cư,TP. Thủ Đức,68.0,1560.0,22.9,2.0,,,,,,2025-09-02 21:04:00+00:00,0,0
property_14429772207010540890_000292,Nhà riêng,Quận Bình Tân,122.0,6990.0,57.3,,,,,,,2025-09-24 18:50:00+00:00,0,0
property_12891278982924597258_000293,Căn hộ chung cư,Quận 8,312.0,8800.0,28.2,,,,,,,2025-08-01 21:24:00+00:00,0,0
property_1642969121316603961_000294,Căn hộ chung cư,TP. Thủ Đức,74.0,4150.0,56.1,,,,,,,2025-09-16 20:57:00+00:00,0,0
property_2951448614033700201_000295,Căn hộ chung cư,Quận 8,95.0,3850.0,40.5,3.0,2.0,,,,,2025-08-31 21:09:00+00:00,0,0
property_4574772911374249850_000297,Căn hộ chung cư,TP. Thủ Đức,82.0,3650.0,44.5,2.0,2.0,,,,,2025-09-16 20:55:00+00:00,0,0
property_3266419663752398578_000302,Căn hộ chung cư,Quận 3,82.0,44000.0,536.6,2.0,2.0,,,,,2025-08-01 21:19:00+00:00,0,0
property_16907199955431958742_000304,Căn hộ chung cư,TP. Thủ Đức,72.0,48000.0,666.7,,2.0,,,,,2025-08-01 21:24:00+00:00,0,0
property_8247953333121921577_000306,Căn hộ chung cư,Quận 11,150.0,9000.0,60.0,3.0,3.0,,,,,2025-08-01 21:19:00+00:00,0,0
property_15763137491068471655_000307,Căn hộ chung cư,Huyện Bình Chánh,85.0,2500.0,29.4,2.0,2.0,,,,,2025-09-09 21:02:00+00:00,0,0
property_14450195390582494874_000308,Căn hộ chung cư,Quận 7,85.0,6100.0,71.8,3.0,2.0,,,,,2025-09-23 20:52:00+00:00,0,0
property_10665816772214912377_000312,Căn hộ chung cư,TP. Thủ Đức,74.0,4750.0,64.2,2.0,2.0,,,,,2025-09-09 21:00:00+00:00,0,0
property_5697897401613805682_000314,Căn hộ chung cư,Quận 7,200.0,18500.0,92.5,3.0,2.0,,,,,2025-09-23 20:53:00+00:00,0,0
property_18030214909848595035_000315,Căn hộ chung cư,Quận Tân Bình,48.0,8500.0,177.1,,,,,,,2025-09-16 20:55:00+00:00,0,0
property_18434893449205654037_000316,Căn hộ chung cư,Quận 8,99.0,3000.0,30.3,2.0,2.0,,,,,2025-09-16 20:57:00+00:00,0,0
property_9853748428363837742_000317,Căn hộ chung cư,Quận 7,70.0,3400.0,48.6,,,,,,,2025-09-16 20:55:00+00:00,0,0
property_1656178920098367270_000318,Căn hộ chung cư,Quận Gò Vấp,79.0,46000.0,582.3,2.0,2.0,,,,,2025-08-01 21:17:00+00:00,0,0
property_5108674060245008190_000320,Căn hộ chung cư,Quận 7,70.0,3230.0,46.1,2.0,2.0,,,,,2025-08-31 21:05:00+00:00,0,0
property_5156169770322434500_000321,Căn hộ chung cư,Quận 5,70.0,2680.0,38.3,2.0,2.0,,,,,2025-09-16 20:58:00+00:00,0,0
property_6204938467668471992_000323,Căn hộ chung cư,Huyện Hóc Môn,60.0,1200.0,20.0,2.0,1.0,,,,,2025-08-01 21:24:00+00:00,0,0
property_13616505183025031371_000328,Căn hộ chung cư,Quận 4,65.0,6390.0,98.3,2.0,1.0,,,,,2025-09-23 20:53:00+00:00,0,0
property_9965580315705438270_000330,Căn hộ chung cư,Quận 5,80.0,7000.0,87.5,2.0,,,,,,2025-09-16 20:55:00+00:00,0,0
property_6878078650018542973_000331,Căn hộ chung cư,Quận 1,109.0,23900.0,219.3,3.0,,,,,,2025-09-02 21:05:00+00:00,0,0
property_12633630721214066709_000332,Căn hộ chung cư,Quận 7,65.0,4000.0,61.5,2.0,,,,,,2025-08-01 21:27:00+00:00,0,0
property_13614332760752160803_000333,Căn hộ chung cư,TP. Thủ Đức,56.0,27000.0,482.1,1.0,2.0,,,,,2025-08-01 21:15:00+00:00,0,0
property_8439596631286365300_000334,Căn hộ chung cư,Quận 7,75.0,3000.0,40.0,,,,,,,2025-09-23 20:53:00+00:00,0,0
property_9748751909006580271_000336,Căn hộ chung cư,Quận 10,90.0,4000.0,44.4,,,,,,,2025-08-01 21:19:00+00:00,0,0
property_13188628835821336837_000337,Căn hộ chung cư,Quận Bình Thạnh,120.0,8400.0,70.0,3.0,,,,,,2025-08-31 21:05:00+00:00,0,0
property_8656267914522997741_000338,Căn hộ chung cư,Quận Tân Phú,120.0,8600.0,71.7,3.0,2.0,,,,,2025-08-31 21:10:00+00:00,0,0
property_17197115678214039216_000339,Căn hộ chung cư,TP. Thủ Đức,59.0,3600.0,61.0,2.0,2.0,,,,,2025-06-02 21:28:00+00:00,0,0
property_4814263208597470261_000342,Căn hộ chung cư,Quận 4,85.0,10000.0,117.6,2.0,2.0,,,,,2025-08-01 21:27:00+00:00,0,0
property_16095171570847143035_000345,Căn hộ chung cư,Quận 7,53.0,27000.0,509.4,,,,,,,2025-08-01 21:17:00+00:00,0,0
property_16897800331415711230_000347,Căn hộ chung cư,Quận 7,76.0,5200.0,68.4,2.0,2.0,,,,,2025-08-31 21:08:00+00:00,0,0
property_6464157724623861889_000348,Căn hộ chung cư,TP. Thủ Đức,69.0,2600.0,37.7,2.0,,,,,,2025-09-16 20:56:00+00:00,0,0
property_7494428642005022955_000349,Căn hộ chung cư,Quận Bình Tân,66.0,24000.0,363.6,2.0,2.0,,,,,2025-08-01 21:26:00+00:00,0,0
property_15992655987649714373_000350,Nhà riêng,Quận 12,53.0,5450.0,102.8,4.0,,3.0,,,,2025-09-24 18:50:00+00:00,0,0
property_6827481900638415969_000351,Căn hộ chung cư,Huyện Hóc Môn,70.0,1450.0,20.7,2.0,2.0,,,,,2025-05-03 21:29:00+00:00,0,0
property_2683707835013886093_000355,Căn hộ chung cư,Quận Bình Thạnh,103.0,5400.0,52.4,,,,,,,2025-08-31 21:11:00+00:00,0,0
property_12916224093032069132_000358,Căn hộ chung cư,TP. Thủ Đức,112.0,6500.0,58.0,,,1.0,,,,2025-09-16 20:56:00+00:00,0,0
property_16694862893553508373_000359,Căn hộ chung cư,Quận 7,121.0,19000.0,157.0,3.0,2.0,,,,,2025-08-01 21:17:00+00:00,0,0
property_14641463363830710233_000360,Căn hộ chung cư,Huyện Nhà Bè,88.0,3800.0,43.2,2.0,,,,,,2025-08-31 21:10:00+00:00,0,0
property_7352821966007210617_000363,Căn hộ chung cư,Quận 7,84.0,6000.0,71.4,2.0,2.0,,,,,2025-07-02 21:28:00+00:00,0,0
property_13685138669324994913_000364,Căn hộ chung cư,Quận Bình Tân,82.0,4200.0,51.2,3.0,2.0,,,,,2025-09-09 21:01:00+00:00,0,0
property_4368856680453997196_000365,Căn hộ chung cư,Quận 7,146.0,15000.0,102.7,3.0,,,,,,2025-08-31 21:05:00+00:00,0,0
property_15836267004516593228_000370,Nhà riêng,Quận Tân Phú,51.0,7500.0,147.1,4.0,,4.0,,,,2025-08-31 18:42:00+00:00,0,0
property_17055096804192222318_000371,Nhà riêng,Quận 7,168.0,17500.0,104.2,7.0,,4.0,,,,2025-09-24 18:50:00+00:00,0,0
property_3967694430450562649_000372,Căn hộ chung cư,TP. Thủ Đức,69.0,3000.0,43.5,2.0,2.0,,,,,2025-09-16 20:58:00+00:00,0,0
property_5314583835670289278_000373,Căn hộ chung cư,Quận Bình Tân,83.0,5300.0,63.9,3.0,2.0,,,,,2025-09-16 20:57:00+00:00,0,0
property_5702577116345772649_000375,Căn hộ chung cư,Quận 4,75.0,1850.0,24.7,2.0,,,,,,2025-09-09 21:00:00+00:00,0,0
property_3568876383394765784_000377,Căn hộ chung cư,TP. Thủ Đức,68.0,28000.0,411.8,2.0,2.0,,,,,2025-08-01 21:26:00+00:00,0,0
property_15791955147864243266_000378,Căn hộ chung cư,Quận 10,70.0,5000.0,71.4,2.0,2.0,,,,,2025-08-01 21:16:00+00:00,0,0
property_6638449459772857164_000381,Căn hộ chung cư,Quận 1,110.0,20700.0,188.2,,,,,,,2025-09-09 21:02:00+00:00,0,0
property_8071035080548951493_000382,Căn hộ chung cư,Quận 7,65.0,5300.0,81.5,2.0,2.0,,,,,2025-09-09 21:01:00+00:00,0,0
property_16393237209122502681_000389,Căn hộ chung cư,TP. Thủ Đức,54.0,3000.0,55.6,1.0,1.0,,,,,2025-09-09 21:01:00+00:00,0,0
property_2264808156481864306_000390,Căn hộ chung cư,Quận 10,71.0,5300.0,74.6,2.0,2.0,,,,,2025-08-31 21:07:00+00:00,0,0
property_4191162993128800981_000391,Căn hộ chung cư,Quận 1,56.0,20000.0,357.1,1.0,,,,,,2025-08-31 21:10:00+00:00,0,0
property_10986086227173325239_000395,Căn hộ chung cư,Quận 8,54.0,3180.0,58.9,2.0,1.0,,,,,2025-09-23 20:52:00+00:00,0,0
property_4873705537412938178_000396,Căn hộ chung cư,Quận 7,120.0,8500.0,70.8,3.0,,,,,,2025-09-23 20:53:00+00:00,0,0
property_16759979620566441371_000398,Căn hộ chung cư,Quận Tân Bình,75.0,4200.0,56.0,,,,,,,2025-09-16 20:55:00+00:00,0,0
property_15006746820006792483_000399,Căn hộ chung cư,TP. Thủ Đức,73.0,3000.0,41.1,2.0,2.0,,,,,2025-08-01 21:19:00+00:00,0,0
property_9554941194062007708_000401,Căn hộ chung cư,TP. Thủ Đức,50.0,31000.0,620.0,1.0,,,,,,2025-08-01 21:26:00+00:00,0,0
property_737793696315898771_000403,Căn hộ chung cư,Quận 7,100.0,7500.0,75.0,3.0,,,,,,2025-09-23 20:53:00+00:00,0,0
property_9876435012272501202_000404,Căn hộ chung cư,Quận 4,86.0,42000.0,488.4,2.0,2.0,,,,,2025-08-31 21:12:00+00:00,0,0
property_7450396350581924578_000405,Căn hộ chung cư,Quận Bình Thạnh,75.0,9100.0,121.3,1.0,,,,,,2025-09-23 20:53:00+00:00,0,0
property_10404946225140625675_000406,Nhà riêng,Huyện Nhà Bè,130.0,7500.0,57.7,4.0,5.0,4.0,,,,2025-09-23 18:40:00+00:00,0,0
property_6695126442051118203_000407,Căn hộ chung cư,TP. Thủ Đức,82.0,4410.0,53.8,3.0,2.0,,,,,2025-09-23 20:52:00+00:00,0,0
property_2049177061644796628_000408,Nhà riêng,Unknown,59.0,7990.0,135.4,4.0,4.0,4.0,10.844,106.649,9.37,2025-08-31 18:44:00+00:00,0,0
property_7232272101020061623_000409,Căn hộ chung cư,TP. Thủ Đức,177.0,15000.0,84.7,,,,,,,2025-06-02 21:28:00+00:00,0,0
property_1570007487842795098_000410,Nhà riêng,Quận Phú Nhuận,83.0,8200.0,98.8,4.0,5.0,4.0,,,,2025-09-09 18:41:00+00:00,0,0
property_10773275296181592153_000411,Căn hộ chung cư,Quận Tân Phú,83.0,35000.0,421.7,2.0,2.0,,,,,2025-08-31 21:13:00+00:00,0,0
property_15248262698461094385_000414,Căn hộ chung cư,TP. Thủ Đức,59.0,2450.0,41.5,2.0,,,,,,2025-07-02 21:28:00+00:00,0,0
property_16580545682017694949_000416,Nhà riêng,Unknown,56.5,6400.0,113.3,5.0,,4.0,10.734,106.605,11.51,2025-08-31 18:43:00+00:00,0,0
property_2047901860940529805_000417,Căn hộ chung cư,Quận 4,67.0,21000.0,313.4,2.0,,,,,,2025-08-01 21:19:00+00:00,0,0
property_1905774056950059508_000418,Nhà riêng,Unknown,55.0,10300.0,187.3,5.0,3.0,4.0,10.786,106.65,5.65,2025-08-31 18:42:00+00:00,0,0
property_5360157872858198291_000419,Căn hộ chung cư,TP. Thủ Đức,180.0,5850.0,32.5,3.0,,2.0,,,,2025-09-16 20:55:00+00:00,0,0
property_14184369618073563499_000420,Căn hộ chung cư,Quận Bình Thạnh,106.0,13000.0,122.6,2.0,2.0,,,,,2025-08-31 21:10:00+00:00,0,0
property_2595061891625075937_000422,Căn hộ chung cư,Quận 10,80.0,5250.0,65.6,2.0,,,,,,2025-09-16 20:57:00+00:00,0,0
property_7069629904391812971_000427,Căn hộ chung cư,Quận Tân Bình,77.0,4500.0,58.4,2.0,,,,,,2025-08-31 21:10:00+00:00,0,0
property_4150227267217639415_000428,Nhà riêng,Quận Gò Vấp,82.5,8830.0,107.0,,4.0,4.0,,,,2025-08-31 18:41:00+00:00,0,0
property_2595061891625075937_000429,Căn hộ chung cư,Quận 10,80.0,5250.0,65.6,2.0,,,,,,2025-08-31 21:09:00+00:00,0,0
property_2092704465029546937_000430,Căn hộ chung cư,Quận Tân Bình,100.0,4800.0,48.0,3.0,2.0,,,,,2025-09-09 21:02:00+00:00,0,0
property_9648087358910055413_000432,Căn hộ chung cư,Quận 7,180.0,16000.0,88.9,3.0,3.0,,,,,2025-09-16 20:56:00+00:00,0,0
property_8816983078409393370_000435,Căn hộ chung cư,Huyện Nhà Bè,53.0,2150.0,40.6,1.0,1.0,,,,,2025-08-31 21:12:00+00:00,0,0
property_6975984630611205186_000436,Căn hộ chung cư,Quận Tân Phú,55.0,2500.0,45.5,2.0,,,,,,2025-08-31 21:06:00+00:00,0,0
property_14420779104414571613_000437,Nhà riêng,Quận 12,94.0,5100.0,54.3,3.0,2.0,,,,,2025-09-24 18:50:00+00:00,0,0
property_16636946362732199289_000438,Căn hộ chung cư,Quận Bình Thạnh,141.0,13000.0,92.2,,,,,,,2025-08-31 21:12:00+00:00,0,0
property_17949507178316312178_000439,Căn hộ chung cư,Huyện Bình Chánh,58.0,31000.0,534.5,2.0,1.0,,,,,2025-08-31 21:13:00+00:00,0,0
property_11283969390022224242_000441,Căn hộ chung cư,Quận Tân Phú,60.0,2700.0,45.0,2.0,2.0,,,,,2025-09-09 20:59:00+00:00,0,0
property_17006017518761178091_000444,Căn hộ chung cư,Quận 8,75.0,18000.0,240.0,3.0,2.0,,,,,2025-08-31 21:15:00+00:00,0,0
property_7568498436925245527_000445,Căn hộ chung cư,Quận Tân Phú,112.0,5330.0,47.6,3.0,2.0,,,,,2025-08-31 21:09:00+00:00,0,0
property_6685288592630845398_000447,Căn hộ chung cư,Quận 6,83.0,3000.0,36.1,2.0,,,,,,2025-09-09 21:03:00+00:00,0,0
property_584332230991756984_000449,Căn hộ chung cư,Quận Tân Phú,62.0,2420.0,39.0,2.0,2.0,,,,,2025-06-02 21:28:00+00:00,0,0
property_13313831255053717169_000450,Căn hộ chung cư,Quận 7,70.0,27000.0,385.7,,,,,,,2025-08-01 21:18:00+00:00,0,0
property_3157588819690522854_000451,Căn hộ chung cư,Quận 6,88.0,41000.0,465.9,2.0,,,,,,2025-08-01 21:23:00+00:00,0,0
property_14449575114754844475_000452,Căn hộ chung cư,Huyện Bình Chánh,56.0,3190.0,57.0,2.0,1.0,,,,,2025-09-09 21:00:00+00:00,0,0
property_8008997661966498172_000453,Căn hộ chung cư,Quận Tân Phú,71.0,4500.0,63.4,2.0,2.0,,,,,2025-08-31 21:06:00+00:00,0,0
property_5845432908965128420_000454,Căn hộ chung cư,Quận Bình Thạnh,160.0,22500.0,140.6,4.0,,,,,,2025-09-09 21:01:00+00:00,0,0
property_10979056238164337743_000455,Căn hộ chung cư,Quận 8,79.0,3650.0,46.2,2.0,2.0,,,,,2025-09-02 21:04:00+00:00,0,0
property_10059406515926185088_000459,Căn hộ chung cư,Huyện Nhà Bè,73.0,3000.0,41.1,2.0,1.0,,,,,2025-08-31 21:14:00+00:00,0,0
property_3576297664124684151_000460,Nhà riêng,Unknown,60.0,4900.0,81.7,3.0,2.0,3.0,,,,2025-09-24 18:48:00+00:00,0,0
property_8079768159029407934_000462,Căn hộ chung cư,Quận Gò Vấp,73.0,2800.0,38.4,2.0,2.0,,,,,2025-09-23 20:52:00+00:00,0,0
property_70093380873867431_000463,Nhà riêng,Unknown,52.0,2990.0,57.5,2.0,2.0,,10.874,106.625,13.61,2025-08-31 18:45:00+00:00,0,0
property_9862792613622200894_000464,Căn hộ chung cư,Quận Tân Phú,53.0,3400.0,64.2,2.0,1.0,,,,,2025-09-16 20:56:00+00:00,0,0
property_635554384302894851_000465,Nhà riêng,Quận Gò Vấp,54.0,6600.0,122.2,5.0,4.0,5.0,,,,2025-09-16 18:41:00+00:00,0,0
property_16913436261751314448_000468,Căn hộ chung cư,TP. Thủ Đức,107.0,7280.0,68.0,,,,,,,2025-09-09 21:03:00+00:00,0,0
property_6543070029427150447_000469,Căn hộ chung cư,TP. Thủ Đức,79.0,3690.0,46.7,2.0,,,,,,2025-09-16 20:59:00+00:00,0,0
property_10648459039788826469_000470,Căn hộ chung cư,TP. Thủ Đức,34.0,1700.0,50.0,,,,,,,2025-09-16 20:55:00+00:00,0,0
property_590782854251880304_000472,Căn hộ chung cư,Quận 1,157.0,32000.0,203.8,3.0,,,,,,2025-07-02 21:27:00+00:00,0,0
property_16865814819402124175_000474,Căn hộ chung cư,Huyện Bình Chánh,55.0,1300.0,23.6,2.0,2.0,,,,,2025-08-01 21:24:00+00:00,0,0
property_2593883816878603477_000477,Nhà riêng,TP. Thủ Đức,32.0,2950.0,92.2,2.0,2.0,2.0,10.838,106.73,7.5,2025-08-31 18:42:00+00:00,0,0
property_16672945495466453190_000478,Căn hộ chung cư,Huyện Nhà Bè,50.0,24000.0,480.0,,,,,,,2025-08-01 21:26:00+00:00,0,0
property_13193946093094493606_000479,Căn hộ chung cư,Quận Bình Thạnh,45.0,2400.0,53.3,2.0,1.0,,,,,2025-08-31 21:06:00+00:00,0,0
property_827589928691566424_000480,Căn hộ chung cư,Quận Tân Phú,70.0,3800.0,54.3,2.0,2.0,,,,,2025-09-16 20:57:00+00:00,0,0
property_8699930627467450165_000481,Căn hộ chung cư,Quận 3,36.0,3350.0,93.1,,,1.0,,,,2025-09-16 20:57:00+00:00,0,0
property_9819842174655563556_000482,Căn hộ chung cư,Quận 3,113.0,16000.0,141.6,3.0,2.0,,,,,2025-09-23 20:53:00+00:00,0,0
property_16257831460193130824_000483,Căn hộ chung cư,Quận 4,95.0,8000.0,84.2,3.0,2.0,,,,,2025-09-16 20:58:00+00:00,0,0
property_10086367917567639093_000484,Căn hộ chung cư,TP. Thủ Đức,59.0,2940.0,49.8,2.0,2.0,,,,,2025-08-31 21:11:00+00:00,0,0
property_16024584078928178488_000487,Căn hộ chung cư,Quận 8,115.0,48000.0,417.4,2.0,2.0,,,,,2025-08-01 21:18:00+00:00,0,0
property_7129107319817641189_000490,Căn hộ chung cư,Quận 7,90.0,5500.0,61.1,2.0,2.0,,,,,2025-07-02 21:28:00+00:00,0,0
property_6498241308022729487_000491,Căn hộ chung cư,Quận 7,51.0,3370.0,66.1,2.0,1.0,,,,,2025-09-23 20:52:00+00:00,0,0
property_1426047855014141046_000492,Căn hộ chung cư,Quận Tân Phú,58.0,2400.0,41.4,2.0,1.0,,,,,2025-05-03 21:29:00+00:00,0,0
property_6618668935659551237_000493,Căn hộ chung cư,Huyện Nhà Bè,110.0,39000.0,354.5,3.0,2.0,,,,,2025-07-02 21:28:00+00:00,0,0
property_4823721841209084466_000494,Căn hộ chung cư,TP. Thủ Đức,70.0,4550.0,65.0,2.0,2.0,,,,,2025-09-16 20:55:00+00:00,0,0
property_17122839861281686268_000495,Nhà riêng,Unknown,97.2,4150.0,42.7,3.0,1.0,1.0,10.718,106.633,9.9,2025-08-31 18:44:00+00:00,0,0
property_968803779180101875_000497,Căn hộ chung cư,Quận 7,167.0,18000.0,107.8,3.0,2.0,,,,,2025-07-02 21:28:00+00:00,0,0
property_12095875523419097575_000498,Nhà riêng,Quận 7,48.0,5200.0,108.3,2.0,2.0,0.0,,,,2025-09-23 18:51:00+00:00,0,0
property_6774058059132784604_000502,Căn hộ chung cư,Huyện Nhà Bè,33.0,2350.0,71.2,,,,,,,2025-09-16 20:58:00+00:00,0,0
property_8156449908664701525_000503,Căn hộ chung cư,Quận Bình Thạnh,164.0,13900.0,84.8,3.0,2.0,,,,,2025-09-16 20:56:00+00:00,0,0
property_4586115986722716950_000504,Căn hộ chung cư,Quận Bình Thạnh,224.0,31000.0,138.4,2.0,2.0,,,,,2025-09-16 20:49:00+00:00,0,0
property_15531149836074696647_000505,Căn hộ chung cư,Quận 1,160.0,47000.0,293.8,1.0,,,,,,2025-08-31 21:10:00+00:00,0,0
property_9996763131556920446_000507,Nhà riêng,Quận 7,72.0,6700.0,93.1,,,0.0,,,,2025-09-24 18:50:00+00:00,0,0
property_1444876638972210647_000508,Căn hộ chung cư,Quận Tân Bình,57.0,7450.0,130.7,3.0,2.0,5.0,,,,2025-07-02 21:28:00+00:00,0,0
property_2816225980525791250_000510,Nhà riêng,Quận Tân Phú,53.0,5150.0,97.2,3.0,,3.0,10.769,106.638,6.93,2025-08-31 18:43:00+00:00,0,0
property_9050257493385797625_000512,Căn hộ chung cư,Quận 7,88.0,4900.0,55.7,3.0,2.0,,,,,2025-09-09 21:00:00+00:00,0,0
property_18289084639256436515_000513,Căn hộ chung cư,TP. Thủ Đức,46.0,2480.0,53.9,1.0,,,,,,2025-09-23 20:53:00+00:00,0,0
property_3841965950623023795_000514,Căn hộ chung cư,Quận 7,53.0,2250.0,42.5,1.0,1.0,,,,,2025-08-01 21:23:00+00:00,0,0
property_5393681438832985042_000515,Căn hộ chung cư,Huyện Bình Chánh,84.0,2800.0,33.3,,,,,,,2025-08-01 21:23:00+00:00,0,0
property_17403690884012035523_000516,Căn hộ chung cư,TP. Thủ Đức,90.0,6500.0,72.2,3.0,,,,,,2025-09-23 20:53:00+00:00,0,0
property_1617918798657415464_000517,Căn hộ chung cư,Quận 7,69.0,34000.0,492.8,2.0,2.0,,,,,2025-08-01 21:16:00+00:00,0,0
property_8210387041967810069_000518,Căn hộ chung cư,Quận 12,65.0,31000.0,476.9,2.0,2.0,,,,,2025-08-01 21:18:00+00:00,0,0
property_18124701519572756_000519,Căn hộ chung cư,TP. Thủ Đức,97.0,7000.0,72.2,3.0,2.0,,,,,2025-09-16 20:57:00+00:00,0,0
property_8472134616361311629_000520,Căn hộ chung cư,Quận 8,92.0,3000.0,32.6,3.0,2.0,,,,,2025-08-01 21:15:00+00:00,0,0
property_5339439050578057352_000521,Căn hộ chung cư,Huyện Nhà Bè,120.0,5200.0,43.3,3.0,,,,,,2025-09-23 20:53:00+00:00,0,0
property_5638463544126821921_000524,Căn hộ chung cư,Quận 4,80.0,5000.0,62.5,2.0,2.0,,,,,2025-08-01 21:17:00+00:00,0,0
property_14114196629563424565_000525,Căn hộ chung cư,Quận 7,74.0,5500.0,74.3,3.0,2.0,1.0,,,,2025-06-02 21:28:00+00:00,0,0
property_348575067570672669_000527,Căn hộ chung cư,Quận 7,52.0,4500.0,86.5,2.0,1.0,,,,,2025-09-02 21:04:00+00:00,0,0
property_4421014266413478033_000529,Căn hộ chung cư,TP. Thủ Đức,80.0,3900.0,48.8,2.0,,,,,,2025-09-09 21:01:00+00:00,0,0
property_2023584560051136563_000530,Nhà riêng,Quận Gò Vấp,52.0,15990.0,307.5,,,,,,,2025-09-24 18:50:00+00:00,0,0
property_10083337596920533774_000531,Căn hộ chung cư,Quận Phú Nhuận,50.0,49000.0,980.0,1.0,1.0,,,,,2025-07-02 21:27:00+00:00,0,0
property_13412644004660180216_000532,Căn hộ chung cư,Quận Tân Bình,90.0,35000.0,388.9,2.0,2.0,,,,,2025-08-01 21:18:00+00:00,0,0
property_15156935397523985611_000533,Căn hộ chung cư,Quận 8,62.0,2000.0,32.3,2.0,2.0,,,,,2025-08-31 21:15:00+00:00,0,0
property_3958161446963402987_000534,Nhà riêng,Unknown,73.0,7900.0,108.2,6.0,5.0,4.0,10.842,106.667,8.13,2025-08-31 18:44:00+00:00,0,0
property_3799839917264980512_000537,Căn hộ chung cư,Huyện Nhà Bè,48.0,26000.0,541.7,1.0,,,,,,2025-08-01 21:25:00+00:00,0,0
property_8574779721514088126_000538,Căn hộ chung cư,TP. Thủ Đức,47.0,25000.0,531.9,1.0,,,,,,2025-08-01 21:20:00+00:00,0,0
property_4797132450188353364_000539,Căn hộ chung cư,TP. Thủ Đức,44.0,2090.0,47.5,1.0,1.0,,,,,2025-09-16 20:57:00+00:00,0,0
property_2074758755041463943_000541,Căn hộ chung cư,Quận 10,58.0,2700.0,46.6,2.0,1.0,,,,,2025-09-16 20:54:00+00:00,0,0
property_7665935425305766735_000543,Căn hộ chung cư,Quận 10,87.0,8900.0,102.3,2.0,2.0,,,,,2025-09-02 21:04:00+00:00,0,0
property_14262689512330158445_000544,Căn hộ chung cư,Quận 7,54.0,2870.0,53.1,1.0,,,,,,2025-09-16 20:59:00+00:00,0,0
property_6734399829767382132_000545,Căn hộ chung cư,Quận 7,101.0,8300.0,82.2,3.0,2.0,,,,,2025-09-23 20:52:00+00:00,0,0
property_3876427816917770920_000546,Căn hộ chung cư,Quận Tân Phú,96.0,6000.0,62.5,,,,,,,2025-08-01 21:25:00+00:00,0,0
property_17871612153432178189_000548,Căn hộ chung cư,Huyện Bình Chánh,79.0,4600.0,58.2,2.0,2.0,,,,,2025-08-31 21:07:00+00:00,0,0
property_14022487823630716761_000552,Căn hộ chung cư,Quận 10,31.0,1850.0,59.7,,,1.0,,,,2025-08-31 21:06:00+00:00,0,0
property_12990918140384141403_000553,Căn hộ chung cư,Quận 7,71.0,4950.0,69.7,2.0,2.0,,,,,2025-08-31 21:10:00+00:00,0,0
property_7649898384670076465_000555,Nhà riêng,Unknown,150.0,5100.0,34.0,4.0,2.0,2.0,10.89,106.622,15.25,2025-08-31 18:44:00+00:00,0,0
property_12625741011352227678_000556,Căn hộ chung cư,Quận 6,70.0,4600.0,65.7,1.0,1.0,,,,,2025-08-31 21:10:00+00:00,0,0
property_15149477683371063977_000557,Căn hộ chung cư,Quận Tân Bình,60.0,2000.0,33.3,2.0,2.0,,,,,2025-09-16 20:56:00+00:00,0,0
property_4453627808255760918_000558,Căn hộ chung cư,Quận 7,62.0,5600.0,90.3,1.0,,,,,,2025-09-16 20:54:00+00:00,0,0
property_5902034218111771713_000559,Nhà riêng,Quận Bình Thạnh,60.0,12000.0,200.0,,,3.0,,,,2025-09-24 18:49:00+00:00,0,0
property_13503964715605445275_000563,Nhà riêng,Unknown,62.0,5450.0,87.9,4.0,3.0,4.0,10.866,106.675,10.3,2025-08-31 18:44:00+00:00,0,0
property_18124701519572756_000564,Căn hộ chung cư,TP. Thủ Đức,97.0,6400.0,66.0,3.0,2.0,,,,,2025-09-02 21:04:00+00:00,0,0
property_7826858328162330836_000565,Căn hộ chung cư,Quận Gò Vấp,72.0,1770.0,24.6,2.0,,,,,,2025-09-16 20:54:00+00:00,0,0
property_3243795800276273299_000567,Căn hộ chung cư,Huyện Bình Chánh,114.0,4200.0,36.8,2.0,,,,,,2025-08-01 21:23:00+00:00,0,0
property_11736629615330167851_000568,Căn hộ chung cư,TP. Thủ Đức,87.0,4600.0,52.9,3.0,,,,,,2025-09-16 20:57:00+00:00,0,0
property_2454793487671679873_000571,Căn hộ chung cư,Quận Tân Bình,74.0,5100.0,68.9,2.0,2.0,,,,,2025-09-09 21:00:00+00:00,0,0
property_14428882279840098265_000573,Căn hộ chung cư,TP. Thủ Đức,97.0,7330.0,75.6,3.0,2.0,,,,,2025-09-16 20:57:00+00:00,0,0
property_10130572604244477721_000575,Căn hộ chung cư,Quận 7,76.0,46000.0,605.3,,,,,,,2025-08-01 21:23:00+00:00,0,0
property_15763137491068471655_000579,Căn hộ chung cư,Huyện Bình Chánh,85.0,2500.0,29.4,2.0,2.0,,,,,2025-08-31 21:07:00+00:00,0,0
property_5301137463355435754_000580,Nhà riêng,Unknown,42.0,4100.0,97.6,2.0,2.0,2.0,10.792,106.605,10.61,2025-08-31 18:43:00+00:00,0,0
property_15115033533863278042_000581,Nhà riêng,Quận 7,204.0,39000.0,191.2,,,,,,,2025-09-24 18:49:00+00:00,0,0
property_10921856389629172926_000583,Căn hộ chung cư,TP. Thủ Đức,69.0,3750.0,54.3,2.0,,,,,,2025-08-31 21:05:00+00:00,0,0
property_8450669507740294795_000584,Căn hộ chung cư,Quận 7,58.0,2800.0,48.3,,,,,,,2025-09-09 21:02:00+00:00,0,0
property_8325269993755873223_000586,Nhà riêng,Unknown,80.0,3800.0,47.5,2.0,2.0,2.0,10.873,106.622,13.73,2025-08-31 18:44:00+00:00,0,0
property_842224059222016470_000587,Căn hộ chung cư,Quận Bình Thạnh,89.0,8500.0,95.5,2.0,,,,,,2025-09-09 21:02:00+00:00,0,0
property_11501946221473040783_000588,Nhà riêng,Quận 12,60.0,6350.0,105.8,5.0,6.0,4.0,,,,2025-08-31 18:42:00+00:00,0,0
property_13560377789793649681_000589,Nhà riêng,TP. Thủ Đức,110.0,11600.0,105.5,3.0,3.0,3.0,,,,2025-09-23 18:51:00+00:00,0,0
property_14006376954507601306_000591,Căn hộ chung cư,Quận Bình Thạnh,66.0,1730.0,26.2,2.0,2.0,,,,,2025-09-16 20:58:00+00:00,0,0
property_15528786754419286081_000592,Nhà riêng,Quận Bình Thạnh,176.0,20000.0,113.6,,,,,,,2025-09-24 18:50:00+00:00,0,0
property_6775584006897366309_000593,Căn hộ chung cư,Quận 7,50.0,1850.0,37.0,1.0,1.0,,,,,2025-09-23 20:51:00+00:00,0,0
property_12019861120837595259_000596,Căn hộ chung cư,Quận 4,80.0,7500.0,93.8,2.0,,,,,,2025-09-16 20:56:00+00:00,0,0
property_12399587311288722946_000600,Căn hộ chung cư,Quận 7,71.0,4880.0,68.7,2.0,,,,,,2025-08-31 21:08:00+00:00,0,0
property_4092690799454621354_000601,Căn hộ chung cư,Quận Tân Phú,89.0,36000.0,404.5,2.0,2.0,,,,,2025-08-31 21:12:00+00:00,0,0
property_10383675342584610071_000607,Căn hộ chung cư,Quận 7,84.0,39000.0,464.3,3.0,,,,,,2025-08-01 21:21:00+00:00,0,0
property_3679906144291185048_000608,Căn hộ chung cư,TP. Thủ Đức,116.0,6700.0,57.8,,,,,,,2025-05-03 21:29:00+00:00,0,0
property_12442334180945634277_000609,Căn hộ chung cư,TP. Thủ Đức,49.0,15000.0,306.1,1.0,1.0,,,,,2025-08-01 21:22:00+00:00,0,0
property_454863190723758929_000610,Căn hộ chung cư,TP. Thủ Đức,80.0,4800.0,60.0,2.0,,,,,,2025-08-31 21:09:00+00:00,0,0
property_16026030700654067351_000611,Căn hộ chung cư,Quận 7,71.0,5450.0,76.8,2.0,2.0,,,,,2025-08-31 21:10:00+00:00,0,0
property_18209561830937923482_000612,Căn hộ chung cư,TP. Thủ Đức,100.0,6890.0,68.9,3.0,,,,,,2025-08-31 21:10:00+00:00,0,0
property_3591656955921212603_000613,Căn hộ chung cư,Quận 3,62.0,12900.0,208.1,,,,,,,2025-09-16 20:56:00+00:00,0,0
property_7638949594674467659_000616,Căn hộ chung cư,Quận 1,200.0,39000.0,195.0,3.0,4.0,,,,,2025-08-01 21:20:00+00:00,0,0
property_5841179650764206945_000617,Căn hộ chung cư,Quận Bình Thạnh,75.0,2100.0,28.0,2.0,,,,,,2025-09-23 20:53:00+00:00,0,0
property_15417348906042071105_000618,Căn hộ chung cư,Quận 10,77.0,5600.0,72.7,2.0,,,,,,2025-09-09 21:02:00+00:00,0,0
property_16777682480044721316_000619,Nhà riêng,Unknown,25.0,2980.0,119.2,2.0,2.0,2.0,10.815,106.624,9.41,2025-08-31 18:43:00+00:00,0,0
property_12988658343648291581_000622,Nhà riêng,Quận Bình Thạnh,195.0,39000.0,200.0,,,,,,,2025-09-24 18:50:00+00:00,0,0
property_798453918860820692_000623,Căn hộ chung cư,TP. Thủ Đức,69.0,4680.0,67.8,2.0,,,,,,2025-09-09 21:03:00+00:00,0,0
property_14671985818296886305_000624,Căn hộ chung cư,Quận Bình Tân,50.0,3240.0,64.8,1.0,,,,,,2025-09-09 21:02:00+00:00,0,0
property_8821705524631664375_000625,Căn hộ chung cư,Quận 7,68.0,4400.0,64.7,2.0,,,,,,2025-08-31 21:10:00+00:00,0,0
property_2015135296059363166_000628,Căn hộ chung cư,Quận 3,68.0,1950.0,28.7,2.0,,,,,,2025-09-02 21:04:00+00:00,0,0
property_12363568096363811729_000629,Căn hộ chung cư,Huyện Nhà Bè,73.0,2980.0,40.8,2.0,2.0,,,,,2025-09-09 21:00:00+00:00,0,0
property_13696706997485383406_000630,Căn hộ chung cư,Quận 7,77.0,6100.0,79.2,2.0,,,,,,2025-09-09 21:03:00+00:00,0,0
property_6978265435256152982_000631,Căn hộ chung cư,Quận Gò Vấp,72.0,1650.0,22.9,2.0,2.0,,,,,2025-09-16 20:58:00+00:00,0,0
property_8791445319743792211_000632,Căn hộ chung cư,Quận 7,75.0,7400.0,98.7,,,,,,,2025-08-31 21:09:00+00:00,0,0
property_9483287617503795762_000633,Căn hộ chung cư,Quận 7,81.0,5450.0,67.3,3.0,2.0,,,,,2025-08-31 21:10:00+00:00,0,0
property_765325767808530821_000634,Căn hộ chung cư,Quận Phú Nhuận,75.0,5000.0,66.7,2.0,2.0,,,,,2025-08-31 21:11:00+00:00,0,0
property_609894033510081889_000636,Căn hộ chung cư,TP. Thủ Đức,63.0,29000.0,460.3,2.0,2.0,,,,,2025-08-01 21:18:00+00:00,0,0
property_16146317132975779157_000637,Nhà riêng,Quận 7,12.0,1650.0,137.5,1.0,,2.0,10.75,106.698,3.01,2025-09-16 18:41:00+00:00,0,0
property_12743781465139121058_000640,Nhà riêng,Quận 12,58.5,3500.0,59.8,2.0,2.0,1.0,,,,2025-08-31 18:29:00+00:00,0,0
property_7138519886930665330_000641,Căn hộ chung cư,Quận 7,81.0,5750.0,71.0,3.0,2.0,,,,,2025-08-31 21:09:00+00:00,0,0
property_7227281079918138769_000642,Căn hộ chung cư,Quận Bình Thạnh,80.0,7000.0,87.5,2.0,,,,,,2025-08-01 21:17:00+00:00,0,0
property_4106454710378409875_000644,Nhà riêng,Quận Tân Phú,73.0,7700.0,105.5,6.0,6.0,3.0,,,,2025-08-31 18:42:00+00:00,0,0
property_8217766300552382934_000645,Căn hộ chung cư,Quận 7,147.0,14000.0,95.2,,,,,,,2025-08-31 21:08:00+00:00,0,0
property_2613620161566291849_000647,Căn hộ chung cư,Quận Tân Phú,74.0,3300.0,44.6,,,,,,,2025-09-16 20:59:00+00:00,0,0
property_8765069497122509907_000649,Căn hộ chung cư,Quận 3,81.0,5100.0,63.0,2.0,2.0,,,,,2025-09-23 20:53:00+00:00,0,0
property_11208281748977760960_000650,Căn hộ chung cư,Quận Gò Vấp,75.0,20000.0,266.7,,,6.0,,,,2025-09-16 20:56:00+00:00,0,0
property_7665935425305766735_000651,Căn hộ chung cư,Quận 10,87.0,8800.0,101.1,2.0,2.0,,,,,2025-09-02 21:04:00+00:00,0,0
property_12388532248815746684_000652,Nhà riêng,Quận Tân Bình,50.0,10500.0,210.0,5.0,5.0,5.0,10.8,106.641,7.03,2025-08-31 18:43:00+00:00,0,0
property_18289084639256436515_000659,Căn hộ chung cư,TP. Thủ Đức,46.0,2480.0,53.9,1.0,,,,,,2025-09-09 21:02:00+00:00,0,0
property_555085524208399009_000660,Nhà riêng,Quận 7,30.0,2290.0,76.3,2.0,2.0,3.0,10.725,106.738,7.05,2025-09-16 18:41:00+00:00,0,0
property_12936540646057359699_000663,Căn hộ chung cư,Huyện Nhà Bè,70.0,3900.0,55.7,2.0,2.0,,,,,2025-08-31 21:09:00+00:00,0,0
property_14995262623935661199_000665,Căn hộ chung cư,Huyện Bình Chánh,55.0,1200.0,21.8,2.0,2.0,,,,,2025-08-31 21:09:00+00:00,0,0
property_1531055262561999932_000666,Căn hộ chung cư,TP. Thủ Đức,54.0,31000.0,574.1,2.0,,,,,,2025-08-01 21:16:00+00:00,0,0
property_5939843994173363981_000668,Căn hộ chung cư,Quận 6,68.0,3690.0,54.3,2.0,2.0,,,,,2025-06-02 21:29:00+00:00,0,0
property_14090986273930701508_000669,Nhà riêng,Quận 7,113.0,43000.0,380.5,,,,,,,2025-09-24 18:49:00+00:00,0,0
property_10915803813681882027_000670,Nhà riêng,Quận Tân Phú,51.0,5900.0,115.7,3.0,2.0,3.0,,,,2025-09-16 18:41:00+00:00,0,0
property_2103761650155273191_000672,Căn hộ chung cư,Huyện Bình Chánh,59.0,2490.0,42.2,2.0,2.0,,,,,2025-09-16 20:55:00+00:00,0,0
property_13509045912337420511_000673,Căn hộ chung cư,Quận 4,70.0,1650.0,23.6,2.0,,,,,,2025-09-16 20:57:00+00:00,0,0
property_11669939146560221917_000675,Căn hộ chung cư,Quận 1,73.0,14450.0,197.9,2.0,,,,,,2025-08-31 21:09:00+00:00,0,0
property_929812080308457424_000680,Căn hộ chung cư,TP. Thủ Đức,71.0,860.0,12.1,2.0,2.0,,,,,2025-09-16 20:56:00+00:00,0,0
property_6012196098860407293_000685,Căn hộ chung cư,Quận Bình Tân,68.0,4000.0,58.8,2.0,2.0,,,,,2025-09-09 21:01:00+00:00,0,0
property_4063846945847743846_000686,Căn hộ chung cư,Quận Tân Phú,86.0,6000.0,69.8,2.0,,,,,,2025-08-01 21:23:00+00:00,0,0
property_12801849079539007482_000692,Căn hộ chung cư,TP. Thủ Đức,70.0,2100.0,30.0,2.0,,,,,,2025-08-01 21:23:00+00:00,0,0
property_12047962865702025540_000694,Nhà riêng,Quận 8,105.0,15500.0,147.6,4.0,,,,,,2025-09-24 18:49:00+00:00,0,0
property_9703994840621623826_000697,Căn hộ chung cư,Quận 10,80.0,7100.0,88.8,2.0,2.0,,,,,2025-09-23 20:53:00+00:00,0,0
property_12212638997613307569_000698,Căn hộ chung cư,Quận 7,82.0,8000.0,97.6,2.0,2.0,,,,,2025-08-01 21:26:00+00:00,0,0
property_8317548613716166750_000699,Căn hộ chung cư,Huyện Nhà Bè,124.0,4100.0,33.1,3.0,2.0,,,,,2025-05-03 21:29:00+00:00,0,0
property_11984264515181971393_000700,Căn hộ chung cư,TP. Thủ Đức,69.0,4000.0,58.0,2.0,,,,,,2025-09-23 20:52:00+00:00,0,0
property_9019496740467020908_000702,Căn hộ chung cư,TP. Thủ Đức,106.0,3990.0,37.6,3.0,2.0,,,,,2025-09-09 21:00:00+00:00,0,0
property_748726987840430153_000704,Căn hộ chung cư,Quận Bình Tân,78.0,3700.0,47.4,,,,,,,2025-08-01 21:23:00+00:00,0,0
property_9439224651936174931_000710,Căn hộ chung cư,Quận Tân Phú,112.0,7100.0,63.4,2.0,2.0,,,,,2025-09-09 21:02:00+00:00,0,0
property_12736032162188910758_000715,Nhà riêng,Quận Gò Vấp,80.0,8800.0,110.0,,5.0,4.0,,,,2025-08-31 18:41:00+00:00,0,0
property_4388364118227358352_000719,Căn hộ chung cư,Quận Bình Thạnh,68.0,2100.0,30.9,2.0,2.0,,,,,2025-09-02 21:04:00+00:00,0,0
property_10971732505553737439_000720,Nhà riêng,Unknown,192.0,15000.0,78.1,4.0,,1.0,10.871,106.63,13.02,2025-08-31 18:42:00+00:00,0,0
property_2295188315975389791_000722,Căn hộ chung cư,Huyện Bình Chánh,78.0,4200.0,53.8,1.0,,,,,,2025-09-23 20:52:00+00:00,0,0
property_13158307289380219278_000724,Căn hộ chung cư,Quận 7,57.0,3900.0,68.4,2.0,1.0,,,,,2025-09-09 21:02:00+00:00,0,0
property_2623115419245465819_000725,Nhà riêng,Quận 3,31.8,5800.0,182.4,3.0,,4.0,,,,2025-09-16 18:41:00+00:00,0,0
property_2760210652939708378_000011,Nhà riêng,Unknown,102.3,13000.0,127.1,,,,10.903,106.702,14.02,2025-09-29 18:27:00+00:00,0,0
property_3064619828816910676_000018,Nhà riêng,Unknown,110.0,3680.0,33.5,,,,11.022,106.632,28.27,2025-09-29 18:27:00+00:00,0,0
property_3928795821436027586_000020,Nhà riêng,Quận Phú Nhuận,64.0,13000.0,203.1,,,2.0,,,,2025-09-26 18:47:00+00:00,0,0
property_2299279423967838370_000037,Nhà riêng,Unknown,63.0,7500.0,119.0,5.0,3.0,3.0,,,,2025-09-27 18:39:00+00:00,0,0
property_1788733763074464682_000039,Nhà riêng,Unknown,132.9,10000.0,75.2,,,3.0,10.934,106.688,17.53,2025-09-29 18:26:00+00:00,0,0
property_10160507755544796769_000040,Nhà riêng,Unknown,119.0,5400.0,45.4,4.0,,2.0,10.843,106.838,16.68,2025-09-29 18:27:00+00:00,0,0
property_2655391507941780150_000045,Nhà riêng,TP. Thủ Đức,102.0,13900.0,136.3,4.0,,2.0,,,,2025-09-28 18:46:00+00:00,0,0
property_3064619828816910676_000049,Nhà riêng,Unknown,110.0,3680.0,33.5,,,,11.022,106.632,28.27,2025-09-29 18:27:00+00:00,0,0
property_10049557596047476798_000055,Nhà riêng,Unknown,162.0,9890.0,61.0,4.0,5.0,3.0,,,,2025-09-27 18:46:00+00:00,0,0
property_3898816392756936411_000062,Nhà riêng,Quận 1,100.0,38000.0,380.0,,,7.0,,,,2025-09-28 18:46:00+00:00,0,0
property_8612626542342645419_000063,Nhà riêng,Quận Tân Phú,63.0,4720.0,74.9,,,,,,,2025-09-24 18:51:00+00:00,0,0
property_10072144216598244287_000064,Nhà riêng,Unknown,100.0,9290.0,92.9,,,1.0,,,,2025-09-25 18:48:00+00:00,0,0
property_13411890291216191732_000072,Nhà riêng,Unknown,134.0,35000.0,261.2,8.0,8.0,3.0,10.789,106.692,1.66,2025-09-29 18:28:00+00:00,0,0
property_12393416783312035809_000079,Nhà riêng,TP. Thủ Đức,160.0,13500.0,84.4,4.0,4.0,3.0,,,,2025-09-29 18:26:00+00:00,0,0
property_611238730986041507_000080,Nhà riêng,Huyện Hóc Môn,111.0,6500.0,58.6,,,2.0,10.91,106.593,18.92,2025-09-29 18:26:00+00:00,0,0
property_5103114810289106021_000100,Nhà riêng,TP. Thủ Đức,57.0,4480.0,78.6,3.0,,2.0,,,,2025-09-26 18:47:00+00:00,0,0
property_8354669059213231326_000113,Nhà riêng,Quận Bình Tân,48.0,4850.0,101.0,2.0,2.0,1.0,,,,2025-09-27 18:39:00+00:00,0,0
property_8821112540382544645_000124,Nhà riêng,Quận Gò Vấp,144.0,18000.0,125.0,,10.0,4.0,,,,2025-09-25 18:48:00+00:00,0,0
property_3669374088863204077_000131,Nhà riêng,Unknown,60.0,5300.0,88.3,5.0,2.0,2.0,10.81,106.626,8.97,2025-09-29 18:38:00+00:00,0,0
property_12951927824752239104_000132,Nhà riêng,Unknown,440.0,4700.0,10.7,,,,11.025,106.616,29.1,2025-09-29 18:27:00+00:00,0,0
property_11186230818560330995_000134,Nhà riêng,Huyện Bình Chánh,75.0,1200.0,16.0,1.0,,,,,,2025-09-25 18:40:00+00:00,0,0
property_983699381599328855_000139,Căn hộ chung cư,Quận 10,61.0,6200.0,101.6,1.0,1.0,,,,,2025-09-25 20:51:00+00:00,0,0
property_12421106505732116732_000156,Nhà riêng,Quận Bình Tân,120.0,14900.0,124.2,,,,,,,2025-09-26 18:47:00+00:00,0,0
property_9886446028493391085_000171,Nhà riêng,Unknown,100.0,7500.0,75.0,,,,10.837,106.73,7.4,2025-09-29 18:28:00+00:00,0,0
property_2333713702218384328_000174,Nhà riêng,Quận Bình Tân,80.9,7500.0,92.7,4.0,,3.0,10.788,106.589,12.29,2025-09-29 18:27:00+00:00,0,0
property_7418799266376061363_000186,Nhà riêng,Unknown,83.9,4790.0,57.1,,,,11.004,106.656,25.72,2025-09-29 18:27:00+00:00,0,0
property_5307851479425033483_000188,Nhà riêng,Huyện Hóc Môn,165.9,10500.0,63.3,,,,10.899,106.598,17.62,2025-09-29 18:29:00+00:00,0,0
property_2427699031457540962_000198,Căn hộ chung cư,Huyện Nhà Bè,100.0,4100.0,41.0,2.0,3.0,,,,,2025-09-25 20:51:00+00:00,0,0
property_8747232399830056692_000212,Nhà riêng,Unknown,35.5,7800.0,219.7,3.0,5.0,4.0,,,,2025-09-27 18:39:00+00:00,0,0
property_3116277281886647756_000220,Nhà riêng,TP. Thủ Đức,52.0,4850.0,93.3,3.0,3.0,3.0,,,,2025-09-25 18:48:00+00:00,0,0
property_10791161618416007528_000222,Nhà riêng,Unknown,82.0,17200.0,209.8,,,4.0,,,,2025-09-25 18:48:00+00:00,0,0
property_5496904134621835195_000228,Nhà riêng,Quận Bình Thạnh,285.0,35500.0,124.6,6.0,6.0,3.0,,,,2025-09-26 18:47:00+00:00,0,0
property_6716669374257357499_000237,Nhà riêng,Quận Phú Nhuận,63.0,7500.0,119.0,4.0,5.0,3.0,,,,2025-09-25 18:40:00+00:00,0,0
property_17956833534562171919_000245,Nhà riêng,Unknown,80.0,10200.0,127.5,3.0,,2.0,10.795,106.617,9.38,2025-09-29 18:29:00+00:00,0,0
property_7238442883016985065_000249,Nhà riêng,Quận Tân Phú,78.0,8600.0,110.3,,,3.0,,,,2025-09-26 18:46:00+00:00,0,0
property_9485489967890400768_000262,Nhà riêng,TP. Thủ Đức,65.0,4200.0,64.6,2.0,,2.0,,,,2025-09-27 18:46:00+00:00,0,0
property_16672854838464857711_000264,Nhà riêng,Unknown,83.2,2200.0,26.4,,,,10.97,106.661,21.91,2025-09-29 18:26:00+00:00,0,0
property_8533123564787715595_000266,Nhà riêng,Quận 1,225.0,15000.0,66.7,,,8.0,,,,2025-09-28 18:46:00+00:00,0,0
property_2082610428999905619_000269,Nhà riêng,Quận Bình Tân,58.8,4500.0,76.5,4.0,3.0,1.0,,,,2025-09-27 18:40:00+00:00,0,0
property_6540838291057320238_000275,Nhà riêng,Unknown,100.0,6600.0,66.0,,,3.0,,,,2025-09-29 18:27:00+00:00,0,0
property_13757669823143043903_000281,Nhà riêng,Quận Bình Tân,65.0,7300.0,112.3,4.0,5.0,,,,,2025-09-26 18:47:00+00:00,0,0
property_4714946400296882578_000311,Nhà riêng,Quận 7,48.0,4550.0,94.8,3.0,,,,,,2025-09-26 18:48:00+00:00,0,0
property_11267944737625714215_000313,Nhà riêng,Quận 11,111.0,42000.0,378.4,6.0,7.0,5.0,,,,2025-09-25 18:40:00+00:00,0,0
property_4930766138351106844_000326,Nhà riêng,Quận 8,50.0,8200.0,164.0,3.0,3.0,,,,,2025-09-26 18:46:00+00:00,0,0
property_9401720181470630269_000327,Nhà riêng,TP. Thủ Đức,60.0,4980.0,83.0,2.0,1.0,,,,,2025-09-26 18:47:00+00:00,0,0
property_15905346195537652474_000340,Nhà riêng,TP. Thủ Đức,55.6,6450.0,116.0,2.0,2.0,2.0,,,,2025-09-25 18:48:00+00:00,0,0
property_3151940835106436869_000352,Nhà riêng,Quận Bình Tân,64.0,5200.0,81.2,3.0,3.0,2.0,,,,2025-09-26 18:40:00+00:00,0,0
property_16750595820002318411_000353,Nhà riêng,Unknown,92.3,2350.0,25.5,,,,10.972,106.763,22.73,2025-09-29 18:26:00+00:00,0,0
property_14902143847255287987_000357,Nhà riêng,TP. Thủ Đức,262.0,18500.0,70.6,,,4.0,,,,2025-09-25 18:48:00+00:00,0,0
property_951461113451163827_000361,Nhà riêng,Unknown,47.0,5100.0,108.5,,,,10.805,106.63,8.35,2025-09-29 18:37:00+00:00,0,0
property_4283157181620157774_000366,Căn hộ chung cư,Quận 7,50.0,2500.0,50.0,2.0,1.0,,,,,2025-09-27 20:51:00+00:00,0,0
property_2742501790709965861_000380,Nhà riêng,Quận Bình Thạnh,112.0,21000.0,187.5,,,,,,,2025-09-24 18:51:00+00:00,0,0
property_6360987972512366550_000383,Căn hộ chung cư,Quận Tân Phú,70.0,3100.0,44.3,2.0,,,,,,2025-09-28 20:51:00+00:00,0,0
property_10766887643453515725_000384,Nhà riêng,Quận Bình Tân,64.0,5150.0,80.5,4.0,3.0,3.0,,,,2025-09-26 18:40:00+00:00,0,0
property_12158266566169080124_000393,Nhà riêng,Quận Tân Bình,60.0,6000.0,100.0,4.0,,4.0,,,,2025-09-26 18:40:00+00:00,0,0
property_17749023316534690104_000402,Nhà riêng,Unknown,88.0,6500.0,73.9,,,3.0,,,,2025-09-29 18:27:00+00:00,0,0
property_17431635360817044886_000413,Căn hộ chung cư,Quận 6,85.0,3200.0,37.6,2.0,2.0,,,,,2025-09-28 20:51:00+00:00,0,0
property_10555124027086848798_000415,Nhà riêng,Unknown,65.9,3700.0,56.1,4.0,,3.0,10.989,106.724,23.72,2025-09-29 18:27:00+00:00,0,0
property_9135151191314155749_000426,Nhà riêng,Unknown,85.0,1500.0,17.6,1.0,,1.0,11.044,106.456,39.96,2025-09-29 18:26:00+00:00,0,0
property_17013491657091388801_000434,Nhà riêng,Unknown,112.0,1800.0,16.1,,,,11.006,106.622,26.89,2025-09-29 18:27:00+00:00,0,0
property_16780491696038941497_000440,Nhà riêng,Unknown,30.0,1650.0,55.0,2.0,2.0,2.0,10.87,106.672,10.82,2025-09-29 18:29:00+00:00,0,0
property_9442346718706838965_000442,Nhà riêng,Unknown,80.0,5520.0,69.0,1.0,1.0,1.0,10.855,106.658,9.87,2025-09-29 18:27:00+00:00,0,0
property_12308168607624417235_000443,Nhà riêng,Quận Bình Tân,150.0,13300.0,88.7,,,,,,,2025-09-26 18:47:00+00:00,0,0
property_12879620688595962920_000448,Nhà riêng,Unknown,60.0,8500.0,141.7,3.0,4.0,4.0,10.77,106.63,7.78,2025-09-29 18:29:00+00:00,0,0
property_13203174514859434800_000461,Nhà riêng,Unknown,17.4,2480.0,142.5,,,,10.747,106.664,5.23,2025-09-29 18:28:00+00:00,0,0
property_4537621470902381356_000471,Nhà riêng,Unknown,100.0,4900.0,49.0,2.0,2.0,1.0,10.808,106.568,14.92,2025-09-29 18:28:00+00:00,0,0
property_8607585341769741969_000475,Nhà riêng,Quận Gò Vấp,67.0,7300.0,109.0,5.0,,4.0,,,,2025-09-26 18:47:00+00:00,0,0
property_3009163061058849538_000476,Nhà riêng,Quận Tân Phú,66.0,10900.0,165.2,6.0,4.0,4.0,10.782,106.642,6.46,2025-09-29 18:37:00+00:00,0,0
property_16525986993660711179_000489,Nhà riêng,Quận 7,42.0,5990.0,142.6,4.0,3.0,4.0,,,,2025-09-26 18:40:00+00:00,0,0
property_9999729881413923069_000499,Căn hộ chung cư,Quận 7,53.0,3040.0,57.4,1.0,1.0,,,,,2025-09-24 20:51:00+00:00,0,0
property_13781068231221000625_000500,Căn hộ chung cư,TP. Thủ Đức,60.0,2950.0,49.2,,,,,,,2025-09-25 20:51:00+00:00,0,0
property_1516243499718325869_000511,Nhà riêng,Unknown,75.0,5000.0,66.7,,,,10.947,106.721,19.04,2025-09-29 18:27:00+00:00,0,0
property_17664852520351136730_000528,Nhà riêng,Unknown,70.1,2250.0,32.1,,,,10.97,106.761,22.45,2025-09-29 18:27:00+00:00,0,0
property_3658720888492090642_000536,Nhà riêng,Quận 7,105.0,8200.0,78.1,4.0,4.0,,,,,2025-09-26 18:48:00+00:00,0,0
property_5391838173725884940_000540,Nhà riêng,Quận Phú Nhuận,38.0,7300.0,192.1,3.0,4.0,,,,,2025-09-28 18:46:00+00:00,0,0
property_5543888984939540435_000551,Nhà riêng,Unknown,51.0,5900.0,115.7,,,,10.795,106.616,9.49,2025-09-29 18:38:00+00:00,0,0
property_15110448245778063615_000566,Nhà riêng,Unknown,200.0,3000.0,15.0,2.0,1.0,1.0,10.613,106.84,23.73,2025-09-29 18:28:00+00:00,0,0
property_5005718151579875899_000570,Nhà riêng,Unknown,50.0,4850.0,97.0,2.0,2.0,1.0,10.779,106.613,9.6,2025-09-29 18:38:00+00:00,0,0
property_5267314031278601992_000572,Nhà riêng,Unknown,56.0,4600.0,82.1,,,,10.809,106.601,11.48,2025-09-29 18:38:00+00:00,0,0
property_1628533927867716360_000574,Nhà riêng,Quận Bình Tân,60.0,4900.0,81.7,,,,,,,2025-09-26 18:47:00+00:00,0,0
property_7496348661451761717_000576,Nhà riêng,TP. Thủ Đức,100.0,7500.0,75.0,,,2.0,,,,2025-09-26 18:47:00+00:00,0,0
property_5708874315379015553_000577,Nhà riêng,Unknown,47.5,4850.0,102.1,2.0,2.0,2.0,,,,2025-09-27 18:46:00+00:00,0,0
property_13256918103930025114_000578,Nhà riêng,Unknown,57.0,5150.0,90.4,,,2.0,,,,2025-09-26 18:47:00+00:00,0,0
property_16450736823984620752_000582,Nhà riêng,Unknown,190.0,21500.0,113.2,,,5.0,,,,2025-09-27 18:46:00+00:00,0,0
property_13682960976919140327_000602,Căn hộ chung cư,Quận Gò Vấp,68.0,1730.0,25.4,2.0,2.0,,,,,2025-09-25 20:51:00+00:00,0,0
property_7654063463690379881_000606,Nhà riêng,Unknown,162.0,6700.0,41.4,6.0,6.0,1.0,10.858,106.702,9.02,2025-09-29 18:28:00+00:00,0,0
property_16457197849894851766_000615,Nhà riêng,Quận Tân Phú,37.0,6380.0,172.4,5.0,4.0,,,,,2025-09-27 18:46:00+00:00,0,0
property_18210096173461704223_000621,Nhà riêng,Quận 12,52.0,5730.0,110.2,3.0,3.0,3.0,,,,2025-09-26 18:47:00+00:00,0,0
property_3037316725275146462_000626,Nhà riêng,Unknown,107.0,6500.0,60.7,2.0,,1.0,10.862,106.606,14.03,2025-09-29 18:38:00+00:00,0,0
property_3192893295749971785_000635,Căn hộ chung cư,Quận 12,65.0,2880.0,44.3,2.0,2.0,,,,,2025-09-25 20:51:00+00:00,0,0
property_11150826470212373166_000639,Nhà riêng,Quận Gò Vấp,50.0,5250.0,105.0,2.0,,2.0,,,,2025-09-26 18:47:00+00:00,0,0
property_2686014308427053142_000643,Nhà riêng,Quận 7,94.0,5350.0,56.9,2.0,2.0,,,,,2025-09-24 18:51:00+00:00,0,0
property_18119215208055644199_000646,Nhà riêng,Quận 7,133.0,9700.0,72.9,6.0,,,,,,2025-09-26 18:40:00+00:00,0,0
property_15920960006343607558_000648,Nhà riêng,Unknown,59.7,15000.0,251.3,,,1.0,10.737,106.72,4.9,2025-09-29 18:27:00+00:00,0,0
property_13819949769327690920_000654,Nhà riêng,Quận 12,80.0,8000.0,100.0,,,,,,,2025-09-26 18:47:00+00:00,0,0
property_14413557157378235100_000655,Nhà riêng,Unknown,72.0,4500.0,62.5,,,,10.865,106.598,14.91,2025-09-29 18:27:00+00:00,0,0
property_14640490308623901168_000658,Nhà riêng,Unknown,150.0,7200.0,48.0,,,,10.956,106.672,20.16,2025-09-29 18:26:00+00:00,0,0
property_6958113882387502973_000664,Nhà riêng,Quận Tân Phú,63.0,5900.0,93.7,3.0,3.0,,,,,2025-09-26 18:47:00+00:00,0,0
property_3625197042678689435_000671,Căn hộ chung cư,Quận 4,77.0,2450.0,31.8,2.0,,,,,,2025-09-28 20:51:00+00:00,0,0
property_4070717034981578572_000678,Nhà riêng,Unknown,168.0,12900.0,76.8,,,4.0,,,,2025-09-26 18:47:00+00:00,0,0
property_3952609554368728917_000679,Nhà riêng,Quận Bình Thạnh,80.0,18900.0,236.2,,,,,,,2025-09-24 18:51:00+00:00,0,0
property_5655870140772037798_000681,Nhà riêng,Unknown,44.0,1200.0,27.3,2.0,,1.0,10.965,106.597,23.79,2025-09-29 18:28:00+00:00,0,0
property_3664874819779346787_000682,Nhà riêng,Unknown,65.0,3650.0,56.2,2.0,2.0,2.0,,,,2025-09-27 18:46:00+00:00,0,0
property_17967780987293233731_000683,Nhà riêng,Unknown,40.0,4950.0,123.8,5.0,,4.0,10.865,106.636,12.09,2025-09-29 18:28:00+00:00,0,0
property_16847439935345270606_000703,Nhà riêng,Quận 8,80.0,8130.000000000001,101.6,3.0,,,,,,2025-09-26 18:47:00+00:00,0,0
property_13439442296302234588_000707,Nhà riêng,Unknown,144.0,18500.0,128.5,4.0,3.0,3.0,10.71,106.737,8.42,2025-09-29 18:28:00+00:00,0,0
property_11413965404576356365_000708,Nhà riêng,Unknown,43.0,3790.0,88.1,2.0,,3.0,10.874,106.613,14.45,2025-09-29 18:26:00+00:00,0,0
property_13928638000980851572_000712,Nhà riêng,Quận Tân Phú,17.41,2400.0,137.9,2.0,,1.0,10.78,106.64,6.66,2025-09-29 18:29:00+00:00,0,0
property_8772681472519699060_000718,Căn hộ chung cư,TP. Thủ Đức,68.0,2800.0,41.2,,,,,,,2025-09-28 20:51:00+00:00,0,0
